COMP1;COMP2;COMP3;COMP4;COMP5;TARGET
9.192836826217352;1.948583070882971;-1.1231661679199842;3.6337310239710208;-1.1951101327454585;0
2.3878017957989752;-3.7681717421495193;-0.5292926847775672;1.118263768460754;0.621774994369062;0
5.733896279733014;-1.0751737965542798;-0.5517475943075539;0.9120827157493961;-0.17708590067652039;0
7.122953197709494;10.275589121844842;-3.232789548241802;0.1525470426268726;-2.9608784129982118;0
3.935302073677189;-1.9480715678537623;1.3897667273272896;2.9406393069519683;0.5467473943973076;0
2.3802471503459763;3.949928895555706;-2.9348767937454654;0.9410368704902694;-1.056041933362671;0
2.2388833080521264;-2.6900312773111485;-1.6399129287473992;0.14933988465678336;0.040359525578461966;0
2.1432985003761647;2.340244006895474;-0.8719472612144156;-0.12704290703668059;-1.4274366752619194;0
3.174924293086355;3.39181295194184;-3.119985912281847;-0.6012969732626805;-1.5222904030052962;0
6.351746789520247;7.727174066693246;-4.341915810034878;-3.3752017739580578;1.7102631458987845;0
-0.8104137708451151;-2.659275497686913;-0.4888297937891809;-1.6725665670041547;0.2758115600008975;0
2.6511004772425184;0.06656792657104893;-1.5264552990862974;0.05126156307077734;0.3319511143373464;0
8.18503445814651;2.7009764925365674;5.730230810298234;-1.1122566131837046;1.0434704356909406;0
0.34212591398903563;-0.9682792608978488;1.7171715846481412;-0.5950029883188177;0.46801051097076596;0
4.3423791946465915;4.861083312465226;-2.8161155376562514;-1.4545570742441496;1.290062847799896;0
4.075656175342768;2.9770611802573446;-3.1252741471045;-2.458070964152868;-0.40834211702716333;0
0.23005501571132525;-1.5647577252332354;-0.8025191549375572;-0.6505828723468127;-0.4947110509116984;0
4.418010915984284;1.4186703334408444;-2.2703190304873027;-0.18627237966527915;-1.4238611996658042;0
4.948703550564411;-4.114333524982321;-0.31474911140993184;-0.08820652111521457;-0.05671515107388594;0
-1.2370633569549812;-0.1882149537484626;-0.5932834978047216;1.5963461073970577;-0.44215423312730023;1
-1.5781612348123004;0.5728081925027689;-1.8014467052019032;1.1252757179831145;-0.39526973940167975;1
-3.5573363735508376;1.6629499036145101;0.4511874473179356;2.0737646627410613;-0.49074649248901836;1
4.733210788210274;3.304963728323986;-1.4665366911762363;2.0411501045697715;-0.0262201211302666;0
4.208524209049381;-5.128366513944739;-0.7524020256169014;-0.862710268644768;-0.47096789409131196;0
4.949632073985126;-1.5437522881105308;-1.7131939336446353;0.04675922470028271;-1.7392301794879204;0
7.098562854914379;2.018610337164394;-0.029009636745425376;2.5879506748658097;-2.0393399231640257;0
3.5102626039718623;2.171625115665103;-3.8945464146399695;-1.2957596812263765;-0.06821804957185026;0
3.064053886061641;-1.8765523477555588;2.5817477024091713;0.12848436276752837;-0.11666512751532736;0
4.007264143657737;0.5372421605660921;-2.761625636198509;-1.8983874496301665;-0.5256728985192446;0
1.7153097265435786;-1.5237050229680489;0.14618709357101964;1.9113864185830405;0.5361232383577674;0
6.0594455135062475;-0.757177450863151;-0.3492394002824802;-1.0642175001902117;-0.7461052539894646;0
2.9022361049972285;4.005295512275562;-3.0014624568145116;-0.3253164657330386;-0.8553558309733736;0
4.554782688818185;0.33753615397745534;-0.7543008046422089;-0.700329902926096;-1.54854533666026;0
4.990602722472742;-1.1325889058199583;-2.577384167162003;-1.2172618906404975;0.6699148811875789;0
2.985340788969868;0.7584232424758804;-3.4937617183265286;0.05426024947654681;0.16709994489530708;0
2.76636915777976;-0.35435594243426394;-1.89696299823423;-0.5342558269967383;-0.8840204636922295;0
1.296198765019938;0.9131962761999569;-1.5757686731664182;-1.0431666736336378;0.4147217129187049;0
-3.749313395941006;-1.4134731177009594;1.7323077940126637;-0.565442619351778;0.08033944044100276;1
-0.9980689008825604;-3.3512929233117354;4.305573841981588;-0.561209726983419;-0.46437282223917375;0
0.7652641153941387;0.8862439528292161;-2.7049183113584845;-0.27477980244732847;0.8104294610387957;0
-2.1509534707299682;-1.923991615811569;-1.1804841589988506;-1.113198009370757;0.44847173961338754;0
-0.0933313865655281;2.2607520062549282;-1.9047264825541688;-1.4423070657533912;-1.7053639611406088;0
9.087999677260765;2.018673099297903;2.1412262908973374;-1.0692440350605483;0.7979314402860439;0
0.9904537655042923;0.9849300204110369;-2.310733656907252;-0.27682547226865145;-0.6405109904526108;0
-0.2935465509262642;-0.13709909076056506;-3.301931921866873;-1.0097858123197248;-0.02251089304120182;0
5.380940406936441;-0.1348769777194282;-1.6788425622677137;1.5076948925421236;0.15199821369215832;0
-4.581936672184205;1.4842203178585296;0.04207461023310417;0.2962292038905196;-0.7138525164807075;1
1.7000068868365352;2.3522717936594906;-3.0780890938607315;-0.06602096961194637;-1.0564664064443532;0
-2.1364452772839777;0.0958296094703415;-1.4924118889613853;1.1210632061360684;-0.06803722963294644;1
-1.5674789972074104;-1.2084332137540608;-0.36915910626636045;-1.4756287948248104;0.17275043659546127;1
-3.54290555746401;-1.2824955784920857;1.0182109359964546;-0.6081562483720595;-0.219635920887484;1
-3.1578140501811407;-1.688958595527298;-0.4962937180364636;0.19401210624927967;1.4399175435372826;1
-3.4504885435167267;-0.49821871416973407;-0.15251795666910667;0.5754863964857072;-0.05231487610292827;1
3.3025509513808675;-1.1309378048853138;0.826392597972314;0.9827170694314986;-1.195263010349715;0
-0.674619285572162;-2.1164097168700144;-1.3962197482197543;-1.043138685524039;0.2418168068713121;0
-2.8581584400469833;0.15272313622079284;0.4289349402474431;0.4830603061182403;-1.5105366037405092;1
4.648738872436959;-2.3103325702353086;-0.7288088567840576;0.6399417081207528;-1.1583244781472963;0
2.176862882229326;0.9721160460306731;-1.9438883346297569;-0.7373182826937951;-0.3957838257329182;0
-3.7214589928334703;-1.7876416505262083;1.2799328206677534;0.11556572322883014;-0.5262823190942736;1
-4.135962943788537;2.403792485507419;-1.2429584053401417;2.0483465077679583;-1.1656524085244393;1
-2.3858356631380593;2.757658129600594;1.2140856332911611;1.7944890385948569;-3.3381580125843717;1
-2.5788832519690366;3.138671922727362;1.4002801852223923;-0.7638665432251387;-2.784095466736475;1
4.759112153866756;3.011680506373575;-0.16624072195191456;-0.6058278073933645;1.1417013682110981;0
-2.314132249372048;3.2679896792393164;2.7962242451788946;0.5657264322671646;-0.38183407434445343;1
1.6916079231699739;1.5406765571279095;-1.7998452359069463;-1.3905895338561893;-1.212674982851065;0
1.8123054050092002;0.7227401912569336;-1.4662495718116326;-1.1987299723710656;-1.4280415978582663;0
-2.78592475666597;2.3106487123362394;0.4727253026842068;-1.6071602715667967;-1.6128581627407816;1
-3.518648339646766;-0.6583094692382419;0.5913749603260033;-0.010802654814204966;0.020589101058750593;1
4.3300026490804315;9.202525685621666;1.4929628337177487;0.3199471710469768;4.728170564845871;1
-3.2612794727732455;-0.9378381203859811;0.20513001308431789;1.0900715036434057;-0.4603499500256325;1
2.704596172630938;-4.437141769612992;0.3073453844521156;0.48869287226380553;0.37249504842841685;0
-0.307855770469985;7.387812177337848;3.8190859755798736;2.1335560452728526;2.71070270641492;1
5.503705315289986;0.938325414979765;-2.2101316467096552;-1.5237961367844646;0.9248915522712045;0
-0.36170919269480806;0.11973908630371034;-2.0409557904959765;1.0588839428268588;0.7571093810142276;0
-2.629976638562851;-0.6973093685933454;-0.5839416366505767;0.3381816110027296;0.46754544325201164;1
1.4281675928961173;-1.967101411897789;1.1119388559909715;0.7529109066491492;-0.5398817294835083;0
-0.8345178814910814;1.9656048643380541;0.7904325384924906;3.4376311985594263;-2.354550890822411;1
6.230896511903697;0.9200695427162832;0.08982730946471329;2.5391588003037997;0.062135841910423865;0
11.668714648329319;4.748617202369528;2.00587904463004;0.31904901356305276;-3.3913609735374832;0
-2.021577658435803;-0.25489983398582755;-0.6478720100430629;0.05925129353054753;-0.0548478691908172;1
-1.6383849373651598;1.7159491138660838;0.4342062596462341;-1.5279662419437035;-1.769381657175158;1
1.167461611073227;2.5145158500273053;-1.90571875465917;0.6383115449197775;0.23618112480979653;1
10.769242819275918;-2.2579828980654626;0.03883578912698264;-0.38938549872931405;1.1872885443632952;0
5.034811085486646;0.7744091565100034;2.6823380196504747;-1.666504005761959;-0.31161960320120163;0
-2.174464309546021;0.49687798482962264;-0.9490918107218043;0.20721922915303265;-0.8853460636584569;1
3.288235384718706;-1.6682370620569913;0.14693184566797243;0.43749300854782636;-1.3685699353586034;0
0.6076079451774582;0.16221452493358487;1.6373748704735778;-1.1145116520639673;-0.540795233082482;0
3.583563626062503;-2.2066618392051027;-1.7045355935027198;-0.8012939158993869;0.36532208453868503;0
-0.9341581043944263;0.9277014809376973;-0.04016365330306308;-1.3533988821271181;0.0649421385498795;1
1.2596046473495528;1.0155770702561246;-0.08059284665724073;2.0513348714951127;0.13752035998197737;1
-1.5882639721795595;-1.619656828452802;0.3099992092010248;-1.0919989181999041;0.05377409917055486;1
0.25249756752653396;-0.5313515472360509;0.5893278269127126;-0.11053834494143507;0.4286811552016594;0
-2.8474315866944244;-2.8936475983864565;0.5279888414586408;0.5988167867387618;1.4356969593866793;1
-1.9649501129375315;-0.9651569880731339;-0.08120810712730925;-0.09408072825019244;-0.5500239335372579;1
2.7758655690040626;0.5580005268056466;-0.6057712496720994;0.49983006109072226;0.49990568014236036;0
4.396227954701994;-2.1235077121819743;0.5795100084567506;-0.7774134255724692;-0.3038340698789795;0
-2.592082827808284;0.21363392982793344;1.0356115181658203;0.6620053580541835;-0.5407643462037695;1
-3.9043381501532406;1.1900666337788808;1.5519811848149943;-0.9357754959096856;-0.7081204031640348;1
-2.8182312131413267;0.3678839813108928;-1.351435632087264;1.7384149555396802;0.284321475729845;1
0.6162808698250928;0.6389116690179921;-0.19991887326458477;-1.0974987699061725;0.11868973296182779;0
-0.4328602208152316;-1.3920442987352255;-0.08271948346655567;-1.9352798673111444;-0.03446053454931525;0
-4.555028840448147;3.5287860178889696;-0.21526395894941192;1.0918856989952714;-2.7583489830502455;1
-3.448183541215972;-1.4246224556444238;-0.08872400509610766;-1.7107277293727485;-0.10661671826812043;1
-2.1159602640300985;1.8493736050403087;-0.5566739790749178;-0.4643563555597751;-0.47491433793850174;1
-2.6913522049639744;1.4200617398809985;0.9691507739489387;-0.0028595767287080873;-1.2565183676841984;1
3.2139167651753096;4.046756222584385;-2.7153844558599944;1.328625276976828;-0.22167318822193718;0
-0.7492713563495977;1.7976385171337341;-0.5683658054804755;-0.5604989849426295;-0.9330960272763447;1
-3.15900603741248;-1.0357494267370202;-1.4906841632774062;-0.5931683115115617;0.5140858386638345;1
13.056121858666058;0.9815132264805811;0.5988126736127424;1.4729310599601178;-0.5999130630126789;0
-2.2286798134412877;0.6674106364005707;-1.0915603401367064;-1.0783016905491598;-0.2991291235551123;1
-2.492831035612033;2.598686267976384;1.6697255616571358;0.6334859917610426;-1.1567474856517643;1
-0.10335042641402978;2.2801435368640375;2.109562789820954;-0.3518459953821399;0.6224819757299104;1
3.591294118693512;3.9263331552823946;2.04700672787391;-0.23176624703165538;5.465263806913492;1
-1.3489486828733668;3.5562251004410963;1.7321912774297912;-0.04699077894670495;-0.3452510003708193;1
-2.5101176755589543;3.2513195035169313;-1.6876243930010004;1.1899614059156087;-0.45558704527237776;1
-2.0460295724520496;0.3048848667327618;-0.5338387054592633;-0.48984175455234363;-0.06791210590404714;1
-2.09706916944717;3.6670958835990546;3.6322004774313776;1.5397868966125978;2.236529848382141;1
3.1105276933536388;1.5693895562315865;-2.6139361259622365;0.6184677795094061;-1.1817793071748688;0
4.956725570000396;2.3848462186469375;-1.9351070920405922;-0.6108412873136451;-0.14820971564688046;0
0.8510142626648425;-2.306735367531657;0.56746191810189;-0.043625249689295674;-2.0940465254763394;0
-2.9659992066212237;0.37150648229705435;-2.066533159889288;2.072506341517496;0.16303767664836066;1
3.3341331980194258;-1.325557354154607;0.7280136649170839;1.0031986845388008;-0.9337069405427961;0
12.894612133973292;2.3166224645598024;6.328697004919368;1.9422041181623548;-3.160227660114698;0
-0.770743677532363;-0.06410922000180162;-1.1344087969124348;2.510463091806202;0.020237026014232492;1
-2.2025155237816474;-0.7356052301622019;0.2670800980412987;-0.03761949175497557;2.934036531845125;1
-3.143412245603502;-1.877409026701268;-0.6703690401913948;0.3033318954447797;0.4080694050571881;1
-0.6388804999692442;-0.9113660287662286;-2.1427241633521676;-2.140915623111366;-0.42913975359480744;0
1.9191334226465087;-3.53808236846595;1.2549245288873832;0.33599901567296586;0.5890689714317504;0
1.4088683633934274;1.3049294063796861;0.6414287691315874;1.8869563906904185;-0.03625200041979419;1
4.643691316588381;-1.4820171693453705;-1.1706805542733163;-1.2186054926348797;0.17807255512589748;0
-1.8774673636141896;1.4232306440344367;-1.0708121944699207;1.7093329602122975;-0.8845491098089413;1
1.4320694267983234;-1.049603949077524;-1.2620113219585694;0.5331890874010987;-0.626696599202053;0
1.3526270253953752;-1.1541414717092056;-1.2097932668293594;-0.8281064736172855;-0.9868073495565555;0
-0.7091148317231604;-1.5682323234885347;-0.6699940903608778;1.6872639718258873;0.33931480811851616;1
2.1714160183043845;-2.826260726128659;-0.5621074925625807;-0.6608316164708601;-0.4749701375076997;0
-1.9768403553178893;-0.419387446886769;-0.38057516926608564;-1.739460187194676;-0.30863816890392676;0
-2.6007895040211007;-0.48233546751444956;1.8723727099830816;-0.4380183308351882;0.016082781195081244;1
-3.2580073594672867;-0.41832140562419123;-0.6918056292723403;0.6598536633853399;0.12156622522406191;1
3.782026455578863;0.8603815974274576;3.671000689837562;2.0478201273876606;-2.183790077616355;0
-1.992034722144779;1.3293551725448094;1.1352445435336758;2.0464332308662168;-0.2521277796138241;1
-5.015008689975631;0.5746999790580385;-0.8424381484023106;2.169662682656569;-0.8820022058114285;1
1.3450204377372317;-1.2747709560768263;0.5558435475788086;0.574871507540657;-0.47084924508167686;0
-2.4559688106882223;0.8984552923608966;0.3531334802657448;-0.36799159317578445;-1.104286829431408;1
-1.8372816695157868;-0.09102676540898802;-1.4452808657225134;0.672548587726653;-0.1361989333567657;1
-4.34648971222656;-0.8935722661314055;0.6392560315279489;0.42562697363228985;0.9564423441936061;1
-0.7328129161451602;3.702182382745324;0.6585050189169868;2.2361274209028736;-0.33646742221663345;1
2.3999978431557905;4.837988819841812;-1.028157039518859;0.3429168967353213;-2.391872747546083;0
0.39309866393133447;1.083068063009945;2.2476055063629343;-0.46185860984794547;1.6916285437203056;1
-0.41232781279556263;-0.38963131708642396;-1.0457704067078883;1.3662456958334193;0.8635071269137401;1
-3.0499249404517363;-2.237784522283718;-0.4694529821292183;0.18277471946666057;1.575846041081867;1
-1.4425637316110973;0.3058704493428349;0.5515478532719015;0.35607392212211847;-2.7029190178221305;1
0.08318610261068092;7.150359799953283;-0.060009969802454155;-1.8030818641407764;0.7381126214070488;1
7.093306714190636;12.573194228670639;7.358708081532417;1.225341578994539;7.490433675353926;1
-3.743404542996416;0.25050152676607823;-0.09738325215689374;1.9321470835057042;-1.0435915448904283;1
-0.9691728143613215;0.9449443023717448;-0.8908112601180997;1.0965323320134903;-0.613502443820457;1
-2.4187199081229758;0.005552412994442804;-0.7983803837229265;-0.07089206968776653;-0.07730987875702296;1
4.100787726596721;-0.3788038201320841;1.4463175311001129;0.7023686117899187;0.0006649878516944856;0
-0.751603005536154;-3.0706486585121033;1.4491816790368444;-0.9534259023901895;0.891928734516825;1
-3.6546465282532363;-0.6746487418331928;-0.906985987244156;1.5111613208341004;0.29381209971208105;1
-4.680211576010316;-1.1038572475263755;-0.25730817893994434;1.2464757858100783;0.4146183631279261;1
-0.5977817666139927;1.7856508750722573;1.4817359679569013;-0.17787224893104267;-1.58922655067126;1
3.387330764639813;-2.9110371072225774;3.0072377544753723;2.8282877923215657;0.5083464541873056;0
6.149886189967216;-2.0176527547487293;-1.5661437200753505;0.9716461081438479;-0.3363699110852305;0
-1.3250313470432307;1.4692940245157429;0.8484213782753813;-1.1427664859736832;-0.047821744895821736;1
5.49415279767226;-4.165829305527487;-0.6012607646434271;0.149699621575148;0.6255664506349223;0
-2.997403207131587;-2.7388610518642698;-0.16118378009030573;-0.4131698061063499;0.40554613125129696;1
-4.386732721105949;0.006872281298162858;-0.9481082368031537;2.7980058017134097;0.4457308760400115;1
1.213634612147875;-2.0390389573773686;0.9806961767162503;0.23896611740448956;0.08576867682945719;0
5.069661081476987;-1.7851523342429978;1.1736470668317667;-0.6937327842441636;0.6486555591204657;0
-1.9777014396335053;-1.8427794206461892;-0.2773597596908383;0.5497498943129858;-0.20689629761399617;1
-2.5148764188899966;0.11425229888927364;-0.4966227715917494;2.3543471236391698;-0.689374944171448;1
-0.9474878917464136;-1.6847535463935073;-0.3511863431805927;-0.577210691771172;-0.34154213250827725;0
2.819368343466237;1.2651031321720339;-2.1531442413509683;2.7084590512934046;-0.04004445367776682;0
-3.483986298022779;1.619691982495646;2.675469390066183;1.2536137298501657;-0.5989814002399733;1
-4.6587295779672795;-0.2229148150748745;1.5593586622152942;0.5110922897201067;-1.8969408230104339;1
-5.351618114936626;1.026757858611043;0.32498592390093306;1.3686824344414723;-0.9186613610793057;1
1.1708977789076045;7.014486578777844;4.27186199045059;-0.33263974874213215;2.9094447825447176;1
2.956301867144704;0.7064218521208465;-1.042335442104427;-0.5221495585389491;1.413635602453267;0
-4.975702062158725;-3.3862048673591443;0.4398384088621438;-1.577569950013749;1.0337957251306948;1
-4.064025658741182;-1.2461661742386407;0.5744778372368227;1.705393034396047;0.6158644599776978;1
9.512669844167586;-5.603484192654702;-0.6372394039502519;0.2242212461428846;-0.4065435263359174;0
9.00716552629152;0.5810310772696049;-3.1347151983986596;-0.862269616711298;0.045722046290003135;0
0.7588784847624098;-1.6085325755949464;-1.5150957156798655;-1.076059985153768;-0.04923463455107349;0
-2.6593596153529258;0.5399358009136982;1.7070147049323474;1.2017513281509067;2.3547418497079406;1
-0.3900189810611818;-0.9892423530038645;-2.585169239407647;-0.784527268829628;0.734311255199538;0
-3.889065527185445;0.8160717107819787;1.015717265417799;0.8249184914724537;-2.1335727849040507;1
0.3648761518418345;-3.5744612258947677;-2.223978533780283;0.22316806870628378;0.7785309617542985;0
-2.8358909181559557;-0.3987296939819869;-0.3474450891824642;0.813247542239132;-0.03928068721172173;1
-3.310283620739313;0.15574119500108252;0.5414789421163041;-0.5124839004063354;-1.7878791252971333;1
-3.3573044025543743;-1.1037324235472483;0.1520898042020939;0.8281880563508822;0.7342592426339669;1
6.523116620293071;8.011169611660282;-0.3264236976488011;-2.771798503214561;1.5989318521725335;0
-1.7177351761099886;-0.5431655273732413;3.2983752547276945;-0.08733081193961077;0.08417356147081732;1
-5.56573589898416;-0.47784757889154417;4.127462747754958;-2.3524908364875885;-1.0524609815731405;1
1.7796614892309472;2.776587169631336;-0.9427628477230847;-3.0743522381707256;-0.6951330915875238;0
2.611484893162275;1.5614217091972895;-0.21818695480249004;-0.4927752137010145;1.1043873738914063;0
-2.819038509611112;-0.9701105669327834;-0.3825914390050029;0.46379062673592386;0.5517868403106355;1
2.49843887772358;2.278482852068651;1.3194785755320901;-1.1808385742916399;-1.8997302571235077;0
1.2770271752995868;-2.443258964258926;2.4663169862316727;-0.12989055319477621;2.155306123800381;0
3.473197342848947;-2.2778489100970316;-1.2386840647048434;-1.1131410092302199;1.0092590220495086;0
1.2566751119882187;0.38239326446763566;-3.838320384617868;-0.7169200493024172;-0.6511561705782651;0
-1.4734313692157561;0.11689025654777581;-0.21466786459628404;-0.49080883243779533;-0.7138417977859539;1
1.6494606959355074;-2.102291070603836;-0.9752715922206816;0.188043725603292;0.9168261636684873;0
9.036589480304727;-0.6551728250816988;0.22128007766916638;-0.7647306325585453;0.5648966366239372;0
4.554590064792121;3.086639156002472;-2.2704043082469108;-2.1911190551033357;-3.461355257412441;0
-0.7811899668983405;0.6528492587392792;-0.643656997429622;0.2144682453329242;-0.43767990472075924;1
-0.22309260678444473;-0.7018214902635722;-2.2707620389331127;0.9986314755052218;0.6464879110085407;0
-3.454895386095227;1.3069387228664482;-0.029264518321710883;0.33050377399582437;-1.8619115971644062;1
0.4465443964171818;-2.7877077407856015;0.444382270032245;0.47202853085810864;-0.5299896184526833;0
0.3144382259625222;2.077560727961545;-2.0833118697334916;-1.0685397768595337;-0.21786953501459136;1
-2.0591919425461267;-2.4727877878404394;-1.4617188173657887;1.8680818847142902;1.8385631465672798;1
4.808969244730622;-3.029102967435748;2.744018677126884;0.28336357003905704;0.19396456094469142;0
-2.998710528237833;-0.3967780282330392;-0.5964659390886687;-0.20804492501740407;0.5683597793961968;1
12.285019759540047;-7.543410169289629;10.112423750932722;5.194269936442235;-3.8525069774994796;0
3.3721965906434495;2.5878254279683386;7.092074810620493;-0.36749477119347906;2.7705730803887523;0
2.50876631162266;2.6146484775381804;0.2063803354286265;-1.8947458465135916;-2.124765633639749;0
1.3180684765420403;2.154479501111053;-1.7866325770593166;-0.010169684555218475;0.1671523714942536;0
-0.3887562987549365;2.2767978947690675;0.6273320745018842;-0.42972697740999655;0.11938017051395552;1
-2.7569329912569387;1.0868346854802693;1.7072381595213864;-0.5168313684712796;0.8070227030173688;1
4.943581014505308;-2.848324457783738;0.9138788151287736;0.3351839716348624;-0.48332590926417235;0
4.29807732982782;-4.666275179128073;-0.006841009160063935;-3.65338488104116;0.17870294787636068;0
-2.3735018019759084;-0.7334025640118987;-1.5260274874389097;1.8533295558982126;1.1831180591730708;1
-0.9671903116026771;0.4384381816028065;-1.447696267388712;1.990361420061211;-0.09396608508468167;1
-2.975798787941418;1.8109737757163769;-0.22343526856885615;0.3916351852820464;-1.5293707808120893;1
1.8032470204666649;0.1664609572247194;-2.6285995645780598;-0.6437414903157672;-0.5218823734070023;0
-2.478359512371996;-1.4185764468625794;-0.316533242872604;0.3285027450799279;0.6620125975961844;1
-0.8260392924376985;-1.2502474730829078;0.2679607266202476;2.3106264550033013;-1.01481361075291;1
-3.894697328339741;0.5385707444999691;-0.8815587237875465;1.0387999882915517;-0.8090288821628795;1
-0.389578090218314;-0.6144154700551913;-1.3528692457136884;1.175192283047764;1.7898932923252275;1
-1.4573213567996608;-0.20172675704014403;-1.0988787337573798;-2.0057750048692133;1.478562229280379;1
2.7555680011524912;3.4657736037991675;-2.4740508553368317;-1.0082788820829414;0.15513600503985092;0
3.257254673479477;-0.12520049199906405;-2.896097455785996;0.7495901489474602;-0.3528555509467904;0
-4.019140240563523;-1.3542473809491513;-0.3604727149658629;-2.6357977401259354;0.7352450102048164;1
-3.6764132931669664;-1.2916290603045102;0.4246103064246556;-4.601709842009921;-0.7409092118643864;1
3.316324113445325;-3.939152259296823;-0.2054536799841473;-2.1182236900758857;0.9699807997156197;0
-4.036607361756809;1.1625461079996735;0.18974782545877406;0.9405170385844662;-0.5655989265486739;1
-2.3342333502307326;-1.3489797322019663;0.23268701988315588;-1.2129139370093962;0.05157488290312106;1
8.403847113456129;-4.153904776640548;0.04696907561391864;-0.5518427885032141;-0.288080325318828;0
2.6475686330813604;-3.95117295157896;1.3718813356626163;0.2078191745791632;1.4050541867904116;0
-0.6817688659188774;-1.135991130566635;1.2336664700545235;-3.864500093906414;1.4283521224586828;1
3.3502957906357715;-2.154570026643712;-1.1089437214482796;-4.349007658824385;0.06238440109766933;0
-2.2277205188198406;-1.2149996868153856;-0.19241377535602716;1.4712781357914964;0.019715143128799805;1
-4.477584655729087;-1.7411293624193136;-0.8882070888109749;0.7646525811565519;0.6051399998587869;1
1.3226214188362286;4.78947658379144;-0.6625351210518876;-1.0211958879674836;2.1500245155656366;1
-1.850089860141009;-1.5841281496765303;1.2639172259037408;-0.8021026097822161;0.7114116000088574;1
3.7955656418253594;-1.0262326419407461;0.8986356357331644;-0.7604604558727824;-0.7578474780359604;0
-2.28131809923988;2.0776859796612333;2.4306490299968493;-1.1860598272412528;-2.859003314519444;1
-3.228770118276592;-1.1720734786667504;0.2646643296271016;-1.0029445546104954;0.8944676103131152;1
1.025900787645921;2.361261944217884;-1.6168855919042153;1.145963161100106;4.144478551088477;1
-2.582555837280144;0.7292131141296143;-0.5481427876758912;-2.3320791327622192;-1.8352650156156667;1
-2.485883225506478;0.46059640268477625;-0.598920340125744;0.9987176339740053;-0.43032385922902855;1
7.143842039052311;-2.074842232632797;1.088387337144586;0.716333492048401;0.8199010022051579;0
-3.0324811407725356;-0.6494687998605586;0.31068266704668074;0.5802825082758754;-0.732884896061875;1
7.085010648782835;0.5282231715338255;-1.2799870405931226;0.6515631535861207;1.8538248481799509;0
1.3140990035998918;-1.7754258312178173;-1.6726317672224498;0.6946200595530695;0.11281064853511188;0
3.711649514778689;-2.8074771106522176;-1.7561936094374282;0.9041052043509161;-0.07098598930507784;0
0.46047909084768573;0.39416628851060237;-1.0046985455321735;1.0753882458252706;-0.4275348080844849;0
6.3926499205351455;-1.823094163343065;0.47984972646132995;-1.6964609835243625;0.5566773542385014;0
5.255544949780032;3.8945309898731333;-0.8338534476787816;1.68160089383029;-0.784326981000165;0
8.733861502958508;3.2798773750446113;2.9036994623724866;-0.277188041791066;-1.0618468958449678;0
3.6913178802282443;1.0656460674201986;-3.5155890466445148;-4.773197025469745;-0.8024841415491578;0
3.378250872696351;-3.371227892020576;-1.766777755108824;-2.0779569541584952;-0.5977815274179634;0
-0.840209653838241;-3.500085032235761;0.18248365462825153;-1.242572752897352;-0.1085172694877125;0
3.284372619974025;-0.9906732009165545;2.55438639176681;-0.12282694338117082;0.35083788426041684;0
-1.908768928135267;-3.1219458054397364;-1.063056114003357;-1.062066886604655;0.9572965400831192;0
1.61478192535624;-2.474573347865337;-1.9911347841702403;-0.37909114421341383;-0.4432487189204976;0
6.619726346836482;-6.003276417537218;0.9893777572978879;-2.8867575595559445;-1.6953838709042188;0
-1.464675933459025;1.6866318141423304;1.1699058703522889;0.3256622461710033;-0.46487329583998216;1
-2.0121524285186423;-1.1034865581494882;1.3380240798280965;-1.6156796388018906;0.6917207981723363;1
-2.284340252070387;0.009493639208652803;-0.4504395421365653;0.29577974578842997;-0.8038675338947635;1
-0.7397430856445376;3.1525206050868544;1.4698578468112946;-0.3148936042427054;0.9476892921906787;1
-4.506562510681395;-3.1692725878684014;-0.18806158824389707;0.3911600618861085;1.385206643600429;1
-3.1587543014070985;0.41030179498785174;-1.1088172047025797;1.971618846502255;-0.058587117449252483;1
7.676149471669815;-3.075306304024557;1.4819594122181463;0.5524018649865978;0.8862053408472993;0
-3.639135967159348;1.5895870640312941;0.7162798066182375;0.6703852419224432;-1.5773311424041956;1
0.33734549264233926;-3.1443734577025992;-0.11572148064463283;-1.8152953402317875;0.0352931786067812;0
-1.2765833791527572;0.8490529834208563;3.0700681558185217;1.1664974562492898;-2.678124199668345;1
-4.346014054231194;-0.3219780568268383;0.38847470151301594;1.1071472175255197;-1.5033327103730334;1
0.017430791485941254;-3.459343291247387;0.3069208027037034;0.4755698483020419;0.40073659094023345;0
-3.4924260372865854;-2.6340824007590085;-0.0721876425671679;-0.30797776098117874;0.5250156915347447;1
-1.8665488536842245;-0.9020642096717484;-0.8711686906819762;1.0288144734860813;-0.2318770999428932;1
4.960268117827527;-1.341123047432528;-1.457053334389713;-1.4681981634715173;-0.6124601013899178;0
-2.470722685224112;-0.13802626435964555;1.794885303563538;1.5476271469423568;-0.6973621101847596;1
3.7850601029252426;-1.9019074162069805;-1.7442419041151913;0.39228467567836656;-0.3392797061757152;0
2.637255777271645;0.5771549958189596;-1.9946998243594283;0.2725491301098742;1.1967680363994486;0
-1.3726850236665253;0.005805461429342141;1.54928921544025;0.5844391583485626;3.0048784802888857;1
-4.138882573260256;-1.376508240340016;0.8780486022947394;-0.05985628603279343;-0.5975966288797964;1
-0.6869402913895197;1.6950096246754338;1.0262128429438575;-0.875478149897255;2.1746756063727135;1
-4.312129582742372;-1.9784861330451002;-0.2513064869949874;1.5749111679917631;1.983411145283355;1
0.4033094213769351;3.7234340037016804;4.58646900031701;0.21591122398249368;0.807800913992072;1
-3.003605795321694;0.3541602274627728;1.2340149770733853;-0.7174567782182008;-1.31256222783592;1
3.13400820544696;4.273459558653079;5.866279510986311;0.596583306653837;4.201027891317295;1
-0.4178368668817694;-0.8085765710421882;-1.0932914833995866;-0.08972977361574468;0.257069176745514;1
-1.4202231350830001;1.3939781131392786;-0.8369868332248384;1.105445102686744;-0.36440061752099856;1
-2.8705883477842606;-0.26864450907404885;-0.4689872596986492;-0.24550350678529706;-0.5579192987843841;1
-3.365845704071358;-0.8076006153549157;-0.8070794149999606;1.6636859939317539;0.05058623392408572;1
-3.315000154836093;-1.442176229451504;-0.5836326025020103;1.7849308314640377;-0.019272512827606492;1
-4.769710159700774;-0.5429618596487437;0.8938680006574987;1.7310613626393843;1.0017126343158549;1
-2.385882758420926;-0.824115570925507;1.9839634865274824;0.055255438409908327;-0.5057284466001095;0
-2.7870960094311377;-2.5330340029400076;-0.8840343986136664;-0.2596746597326083;1.6478326320940508;1
-3.3938417715216604;0.7539639569045268;1.7717935614452194;-0.2766734053734764;-1.0859029214801488;1
6.590235943342865;-1.4848624499890062;0.36133990089762513;1.188446123285116;-0.12091100117642292;0
-1.4553305178968634;0.5919428677313481;1.1463403850047518;0.07901728756335688;1.0877387913992675;1
7.182933102086335;0.055146060185404105;2.012917886440613;0.08277609674681599;-0.6657817706071659;0
-3.5788354034474548;0.8915829916286867;0.2614874050964579;-0.2540957625937624;-0.5995934131508194;1
-3.05703264187285;-0.17921338625085598;0.62177344540471;0.26139840107025075;0.8967350979062143;1
-3.0744358315601916;-0.30605843542485245;1.2592536569490196;-2.2086266504722114;-0.6064117252322125;1
-3.85353973325676;-1.5247264226263617;-1.1445096439311808;0.8150504983370311;0.4930515289405743;1
-5.390256393773086;0.55625550467332;0.5600700624301983;0.4718554195930667;-0.39979829919198706;1
-4.65768233449418;-3.065387433657931;-0.07600911033453651;1.5085163447771817;1.272815418064673;1
-4.027542388108168;-2.542907043466823;0.35321712932110566;1.5143874972057778;0.6674986643905509;1
-3.3478219416093173;-0.06856304777569637;-0.2701932892313068;-0.6276363116958477;-1.1256875447392296;1
-3.2998420114676295;-3.1387093941921735;0.14889237041272252;0.7424907544766564;0.3944508085854802;1
-2.1364041423509996;-0.004392848640516533;-0.05513895709095083;1.7881128812748737;1.300445440416813;1
-4.038017141736016;-0.24069805433030494;-1.32812675014427;2.4402322845510334;0.27738928296045934;1
-3.765414553262688;4.398200493159514;3.9502078434054484;-0.3072683906569291;-4.7896563006143005;1
-4.8712393834805185;-2.3392147874149716;-0.16829482828816117;0.6948898524347243;0.8209388443633465;1
-4.747248516355531;-1.798401975573717;0.16972019816381573;1.5516108165891742;0.535137493680458;1
1.895316276318003;-2.392238003073489;-1.676491299760233;0.712028215010706;0.38340191489043557;0
1.5729311406091622;6.509099306804406;2.167158980528145;0.030075898600794206;1.0534111825552852;1
-4.026620252661777;-1.4022064622384942;3.186499904769158;0.019552210002187938;0.17964847196119277;1
-1.2948661700944133;3.470808639355626;1.109527977458287;0.7666793884853942;0.21051018636502788;1
1.834840467147034;-4.321522964487077;0.31668533046937236;0.9971895280666441;0.25468865571503;0
-1.8103805588913355;0.3962073022541536;-1.2303341227772318;1.2766563262166553;0.007076807120053335;1
7.2364853143960834;-0.035701796980204904;-2.841066630929835;0.03864195637708342;-2.454736513393292;0
-3.145650188520459;-0.7425265420136756;-0.8623515071772812;0.7551636685746909;0.30012499523311226;1
-2.8872680582399557;-0.4647316245634402;-0.47574333746848657;0.7623019272678255;-0.8532163628326224;1
-3.149653983820885;-1.7712483965477037;-0.035833687499696856;1.5072396412407536;0.3533042052396575;1
-4.6283794830495735;-1.8356183618708077;0.0642309718269121;0.09419315378098443;0.8004591680764498;1
2.250510374100662;-0.3485359403724193;-1.0647508700667943;-0.2317593768036964;-1.0045007258982155;0
2.1078012278770832;1.1219739434019376;1.7751582219903692;0.2626752721819724;-0.960810905523542;0
1.7859499803189276;-0.26922163568309615;-1.7225153360788485;1.0326869484227632;1.1851104061863162;0
-0.5276966174021326;1.265871623226796;-0.9204411159125104;0.4294715458022774;0.5607830912356774;1
-3.213500980502544;1.103443141723559;1.611981168527721;-0.48643351946433755;-3.4592498479434726;1
-4.386422966517084;-0.7611037295874532;-0.4005974217435535;0.5868569660314844;-0.37657920724627425;1
-3.8100178698302973;-0.9099185548866195;0.44316767904456;-0.9504231963800317;-0.35163602007556244;1
3.3196739715212256;-1.5770528423561516;1.3607285001995577;-0.6941430621792513;-0.9089304132448871;0
-2.3932759643321706;0.9900307776283335;-0.7575099464815989;1.5549828721507177;1.4314582388196084;1
4.680166262398277;-0.9685929539888711;-0.29127225539949103;-1.074272414445144;-0.13255702728014845;0
-3.067695140603766;1.1358375684563327;0.3746225448237346;-0.6268539800763625;-1.4436940915167638;1
7.353218575027305;-5.242623142563113;0.31695581729334354;0.43203974173577564;-0.7060339602006259;0
0.2953131832463479;0.22693503611778357;-1.089416592861915;0.9474226992901775;0.729094796152263;1
-1.9389694969473183;2.544988112464513;-1.0014235317768818;0.025739844072001906;1.2060991730508839;1
-2.077178921430801;1.8065194888624758;-1.1670794198845864;1.1422298825306079;-0.41357142407986514;1
4.975162358415842;-1.3325721795792909;0.8709775689756829;-1.2921311546649503;-0.9619689082331709;0
-2.17691687958566;0.9589112593399121;-0.23426486966762827;1.8544726966083516;-1.4817807397798715;1
-2.431551455009066;3.44720386678838;3.456944842984509;0.49365995789958367;-1.0457570401384602;1
-3.367965778877201;-0.56292889769961;-0.19257365487225947;-0.5703792488576286;-0.35172864288402605;1
-1.2065977905129923;-1.3170443382140444;-0.9307408057261708;1.7047898968303423;0.718719744680026;1
-3.326079248708253;0.47517158156334155;-0.898285742693761;0.8134878797477477;-0.5853794786521127;1
-1.9287954022379177;1.4614697974848425;-0.10064250843875668;1.820764208153249;-1.9359411048154092;1
-4.04183508995391;-1.3569174566832525;0.5383416680833871;0.8339119367015785;0.17874705258648177;1
6.182283741692273;5.108005449484422;0.5211405835144552;0.9407392007044953;-0.606524863333946;0
10.93429815842935;-3.7032540803932923;-0.891694074206956;2.343507663132037;-0.48878559565417984;0
2.1184969319260896;0.29662906954342894;0.8674853948097608;-1.4502874376032;-0.5395103609437194;0
-3.01219497015816;0.24375997572934566;1.9837330370719093;1.6797257103836425;1.7036738934337867;1
-0.982648581269433;0.7972523938846016;2.3694211553143596;0.15692264028867633;1.546429732656401;1
0.35789386251838695;2.1278386320072156;0.7082090396531996;0.18474480466642498;-0.10256996172896692;1
-3.193917865504998;-1.8491520732517102;0.0993983505849716;-0.022782493772093834;0.17900226700666189;1
-2.9932333012440377;1.6313922059022987;2.556717907334583;1.3458871773664618;0.040740340658244466;1
-3.1939141504679127;0.5793394420979712;0.4897642196372278;0.04459419890819888;-0.7236072483100372;1
-4.591961853505473;-2.7611270972557005;0.980542628407374;0.36283846342923626;0.22008131672379955;1
-2.485916154411804;-1.1889394044263446;0.34877678905121323;-1.2562918467768664;-0.12939415159526638;1
-2.398665346211742;-0.2507447903263359;-0.3271378039614598;-0.2773729123724782;-0.3548145693930967;1
-0.7796151997477498;-2.12434342742162;0.32078888810341666;0.07924892140578471;-0.0858100682807674;1
-3.1399884257526205;-1.4880221619843927;-1.1988784889074686;0.4534493951405865;0.8409019554992776;1
2.7350117716746394;-3.945168230532064;-0.017169485937098668;0.30011073093105833;0.28326716322267126;0
6.227025988689777;-1.3901096910494537;2.73423719041689;-1.093161471258775;-0.5826581724985277;0
-2.223775745578371;-0.3571607107724043;-1.1016823293746636;0.18622272558841227;-0.2392749486587586;1
5.307140022000552;-6.7234149835049655;1.48566485017732;1.7765107435925658;-1.0735537676098197;0
7.248001061275607;-3.6554691295244166;-0.1557020009267723;1.226828823046067;0.29759003299703135;0
4.207220618956361;1.17624288186759;-1.5900181866410554;-0.9788433196449912;-0.11758117661392409;0
-2.4996363741134;-2.0185356268550434;-0.7312745955040837;1.9850232411837945;1.1359555704936577;1
3.635014946682894;-1.9564409103720588;-0.82877513568945;1.3797525648095115;0.9944209271296268;0
3.519248275013912;-3.8586071201442067;-1.0225290613067284;1.384143319382738;0.3206641712655405;0
-2.6149483072404287;-1.102474459388455;-1.2407360025588248;0.9094764636973803;0.3784807439451528;1
-0.09610811657825528;-0.12984758290396448;-1.671464106779254;1.5274766346290587;0.40306746060337717;1
2.04485693456672;6.426819839213546;1.2741212491928533;-0.10974149152651644;4.602716501217398;1
-3.066749527556335;-2.1820956997656715;-0.2790626709677573;-2.9385573659904742;0.4732345129046815;1
-1.6035864433865081;0.2925962224278741;-1.5862254313493092;0.9096983306491518;1.235869175294424;1
3.7659321541036137;5.98529534840426;-4.880361147724192;-1.1208727479227047;-0.564237044397665;0
-0.9255666032067068;2.3024814303947787;-1.596111859175405;1.6762384183610153;-1.4269863536820713;1
-3.2883495940992704;0.2013113364903879;-0.6277562843951777;0.6128347396304212;0.17076816510526655;1
-1.5548521496515155;0.9798577294247169;1.1965597966427266;-1.7751769442501126;3.499125303272357;1
-0.398779917583548;2.1612126917589416;-0.9456050163618579;0.3724809439870469;1.0126507425334883;1
-2.3005678213330554;-0.9320775840308693;-1.1299532645146044;1.4523765872767522;1.555640293181378;1
-0.5429013641680553;-1.317067910147984;0.9957545224483192;-1.4848753792150522;0.2029779939542741;0
-2.058819455829958;0.3204351458122192;-0.12245841180477283;1.020859890074532;2.079167640226332;1
-3.4245180552313883;-2.4455184118702595;0.045048749801523055;0.7861418902460297;1.6031823016026148;1
-0.47240655185208713;3.7028294386506064;1.9537848863316676;0.9963166080307078;3.814395990164802;1
4.703500731695659;-0.19595575494390113;3.757032950410478;-1.0042278089677878;0.32865083322711414;0
-3.643380238613008;0.7868599164399283;-1.1621457880408501;2.0988749673748752;-0.4240680175954071;1
-3.594689343588941;2.6050872166894816;1.8520296355500454;0.08988544680685484;-2.442539774463679;1
4.1490973424489965;0.767488844337461;-0.8879746997221708;-0.008369538839988375;-0.6049797625606653;0
7.67214155262676;-0.8604841506331843;-2.153650125096032;0.2547233950786521;-0.23647040736466257;0
-2.0103794137563;0.4296895605551883;-0.10408881354143065;-0.16029202451859192;-1.5095061367822569;1
-2.920833494836361;-1.7004724749538813;0.2957272488419352;-0.4141768733204322;0.3639198521907907;1
-0.5007378002657458;0.10673146470967071;-1.02874795771032;-0.3048847015206247;0.13912105102549743;1
-1.9114985749220876;-0.6513938798258194;1.4502884899279025;0.4007030850516536;2.0630023977732543;1
-3.785099227795604;-0.3261463674943875;-1.0580801979536847;0.6060077533092244;1.5261555660067216;1
-2.7083939682130698;-0.21966574164782976;-0.3145047500496332;0.05525292318415176;-0.04825404120318825;1
6.289673469534064;2.036547397054248;-3.1820822651440577;0.15554349373481177;0.20248906277870887;0
-3.43077069123722;-0.9926100347939514;-0.7316945971917926;1.3437229768712917;0.23583913912416218;1
-2.0013884663881183;-0.2933264633417244;0.6192038883842937;-0.3525117105867716;1.1648198492422224;1
-2.4732930942866806;-0.33504702646589557;-1.4823620287829347;0.46523745874417216;0.04899269318019661;1
-3.6472577463956823;-1.2413651252339353;1.3866245357018097;1.61395931222979;-0.1729913823607527;1
-2.3461868509418675;0.6827413169058647;1.1327338895288752;-0.3031037131815122;-0.5416756753860078;1
-1.1429969265483135;-1.9621714940482722;-1.2407197000142562;1.479076552486599;0.48418251012437574;1
-1.3508573033312496;0.36957390205197715;2.4866756564443295;-1.1407176378743744;1.905864538951434;1
2.763370786289708;-1.0786335090358048;-1.1796239438656533;0.4141590634405505;-0.16461154752569873;0
-1.9693236050345624;-0.17584850835185292;0.42073137519336934;-0.7863119366103467;-0.861252527377743;1
-2.93118705543616;-0.4948562290037998;-1.0170708930092454;-1.6864228990989907;-0.5657302324460348;1
-2.9263743861490035;0.37733225718011304;-0.8867938386206504;-0.1153448283222441;-0.985680256410825;1
-3.996188277409506;0.9598560898182855;0.20440412797404248;-1.5102302737542503;1.7092484364592195;1
0.1551380594668688;-0.43800822827542374;-0.46144569594733276;-1.4545331573498415;0.8558402819312824;1
-0.9340908103747015;-2.10594559121148;1.4329170279474908;-2.8942617048900416;-1.2754158267271736;0
-1.9296217302547902;0.8924666901032847;0.04234474790822177;-0.5588842861560122;-1.280330236939814;1
-2.622338601704966;2.502101617928363;2.4349994997732347;-1.8780131902089368;-3.1508166444116164;1
6.003616591372472;-0.09102922218588416;1.7112016696626215;0.9473749009514864;-1.175036054563558;0
-2.9218778045749536;-0.009212681107058114;-0.9013034820287855;1.791328537410256;0.5769796655599478;1
-3.341944803949018;-0.02222473045359158;0.5033012010758051;-1.1422623168455346;-1.564761400568283;1
-2.0149150334124832;0.7784521312917029;0.12557879452432485;-0.6597358007712364;-0.02192972268177768;1
1.988462105551404;2.316048053992568;1.2363039424257496;1.7697760685451536;0.14399580156334643;1
-1.6696039305999242;0.8623188526674297;-1.0103061728615006;1.3238952439841591;-0.28156784718502176;1
-0.37117811351897967;0.11361265869292587;-0.9983635751742079;-0.15536989238433363;1.475955722131498;1
-1.848959929838883;2.5412296491002877;2.0053476124404326;0.48437196201329075;-3.508645437683642;1
-4.703042202110674;-0.4323024307040263;0.0053050873434208725;-1.3706086152277004;-0.08509958454682136;1
-1.2831871507867394;2.550909310241302;-0.08386034499749853;0.771512235465534;0.556910560830882;1
-2.314246819304764;0.4020314773081366;0.27462319546650615;-1.6704631665922565;-0.5367110859954196;1
-4.65908517641073;-0.7822987564391026;0.1921219208099005;0.49368192250263176;0.5361221207938945;1
-3.9434733817343406;-2.0300162870531113;0.6917357209504723;0.5134062616716738;0.34011455545084934;1
4.949858461548666;3.006064129152789;-1.7540716853990381;-0.672360554000327;2.8647737926507832;0
-0.9158035193327334;2.4790131286226402;0.3626066879003906;0.26196647040449905;0.1384717744077447;1
4.549111146628104;-0.8160005055380675;-0.518755085848278;0.91633977873319;-0.07148602229592314;0
4.442342818130432;-0.9924388978986978;1.4423190865775186;-0.5750346129226663;-0.35758999746026643;0
-2.1949843010205305;-1.805353237749302;-0.4351094055133455;0.9539430622516738;0.5538004168126858;1
0.6644409146920255;0.43686085569031174;-2.6807818787530517;-0.7292265928761048;-0.02778737646735843;0
-2.2408760536425607;-0.4545895114427963;-0.465527588254147;0.18872466928471676;-0.8282932192998159;1
-2.125180436920051;-1.1947969118141857;0.49037198751481303;0.8553963465414303;-0.10593586806888959;1
-2.615317411221988;-1.8320604325913483;0.7643295556769902;-0.8231658564350395;-0.3007872500223992;1
-3.2109679756624567;-2.2351427041700256;-0.166224429211412;1.130057790733204;1.2601888046724337;1
-0.3067503987067492;2.184998833410218;0.03928624143647327;-0.48645559071111244;2.0894499682251078;1
2.472356916773297;-1.4998247516840242;0.5914532157121103;-2.2673515063587195;1.4058401847917896;0
-3.4547183721138293;-2.13646154822445;0.19716267217436995;1.5341768523810257;0.9428752995596892;1
-3.9005268480597612;0.7307759702336475;2.1360711048601533;-0.7811729260025744;-0.832551494879391;1
0.9817275418941959;-2.2104299471548132;-1.6999192288679674;0.9709719764848374;1.1832583010945312;0
-1.2572515710239274;1.0676915149425732;0.25947527026053213;-1.2417521634850825;-0.3932157820208979;1
3.2454136489022636;-1.778358632312153;-1.793153672268604;-2.4850594882637065;0.5503521207052563;0
-1.5572194125373546;-1.0379271064157507;-1.3012450785622116;0.6216725739068454;-0.37935340187105393;1
-1.2492580966986342;-1.5888387893624987;-0.32641344048898047;-0.9253221402274111;1.5353498720262237;1
4.331653344536477;-4.04933241829944;-0.192505526042223;-0.2906134305854413;0.6108408116320799;0
-1.0774513298919866;1.8036181632102375;1.7810416296889564;-1.6289522035152697;3.7417539184764665;1
2.5117531022596586;-2.5288075834342862;0.7982023071993342;-0.8236746225811831;-0.4292639458807117;0
-2.2170923054476357;0.02989128811504613;0.636460135245352;-3.376701138254269;0.4799947283234965;1
-1.1738306467788002;-0.47483950502807665;-0.4815709119133675;2.1439593859705646;-0.24330052973392485;1
-2.8363014443324426;-1.0181258062825527;-1.486630003813962;0.45640570365588184;0.11470499075974695;1
-1.8570858988742083;-1.571393119090233;0.8264827440429074;-3.9302494609606993;-0.220826666475914;1
-1.3286143729583386;0.7770956605500258;1.2567582297119329;-3.785543619996152;-1.2450630084143648;1
-2.8027713567758905;-1.6663016342444719;-0.19401832687220105;-2.23310741279747;-0.20524668457436182;1
-3.174568796763106;-2.075733619373537;0.07490026819918107;-1.8698290088380314;-0.2093268020397749;1
-4.087077360930115;-0.48471007930004184;0.631364007739282;-3.4027327982575923;-0.01822470762284543;1
3.47549374813029;-1.672884391263167;0.8568267997530586;-1.1567678971231434;-1.3825714280226766;0
16.319233231032275;-7.775852804085558;6.235415554874239;2.328073202886351;-1.709455958857463;0
-2.56011501801751;-2.4940454475737;0.17031258746445024;-2.1097566036540094;0.9792388470741488;1
-2.9688887959151913;-0.06884713562692943;-0.7784115664030395;-0.046666758139942054;0.22820686163380524;1
-2.7574304510185037;-1.793918768071061;-0.7578141194717031;0.024118336515452966;1.2839123840679445;1
1.3703398754375025;2.1100113490080936;-0.8537202453319106;-0.7237685348836183;3.8243792230888993;1
-0.41766449255299115;0.11651969701216272;-0.5361425956940449;-0.3641990644040351;1.5134570901624642;1
-3.8383986229795233;0.8991786485883937;0.7005639491783489;-0.2199397180335301;-1.3371628989389512;1
5.9309648595845115;1.2282966822838868;1.7215877551109289;-0.4735822407560062;2.8835393378336773;0
0.6454786474868643;3.4260114209469434;0.6082849581607394;0.23448622851249726;-1.2096985577894865;1
-2.6838464009791063;1.4435555289742616;0.3394034998887306;-0.24481700538354362;-0.7926918603837491;1
-2.0416640521059475;-0.9032559294806299;2.84324140997972;-2.885831445816749;-1.016709456568507;1
-1.3992963501135882;-1.7722262454335684;-1.4795615600338738;1.3081089456185275;1.8053147520700172;1
-3.536415295419472;-1.2468541535296283;3.3854111281333332;-4.666051021200068;-1.8757278162699993;1
-1.990529446593873;1.8994625506011311;-2.0309980773953327;0.9119053806734696;1.2315544874999274;1
-1.9981853671293073;-0.206371136533238;-1.641325073146379;1.03921049195993;0.9042109606493698;1
-0.5206581123171787;-0.9733678106786346;-0.3241353802909406;-0.5439993705799154;1.4294367087434396;1
-3.1723704882491894;-2.089052298066219;-0.9788057318271384;0.3870970743854211;1.4194755733468156;1
-2.20271018905771;1.2860393186439651;-0.8873992147532823;0.7011030151207297;0.1798211476862524;1
3.8244330429410116;2.3052363163681653;0.027546193754242592;0.6702588774659015;1.2897652192959146;0
-2.985484690325653;-0.6733392442037976;-0.5904898840813747;-0.5943502664150598;0.4619692912767394;1
-2.481055107278032;-2.3639587605411823;-0.43261456685160254;-0.3834696840698654;1.0381214044803533;1
-1.2721114612777078;0.5098338483257651;-2.2389916786746893;1.6723763911859668;-0.11760644979387161;1
-2.2351568880784694;-1.2987044937103498;-0.9014368962925016;0.43409410342074517;0.18292603002354682;1
-0.056183104312605835;-0.22738339299181182;-2.2555156524538016;2.7106004013276577;0.8017853873223706;1
2.3173906062798437;4.38913433488996;1.778411130153871;0.9694155620775444;2.6453765913745104;1
-2.2843312608511375;-2.466840756394525;-0.8211884869946507;-0.04080317523703309;1.0927812987003498;1
4.754614870670487;-1.4894235603181034;-1.253751106135118;-0.05258694040483296;-0.09662477646641687;0
-1.7263109176885627;0.998177835375098;-0.08023841572604272;1.0646470421030396;-1.4356170227978746;1
-0.7417817670618128;-2.452034966084026;-1.9977099426721856;-0.4579397483519599;0.2612910584136529;0
-2.8943106610103873;-0.9779443191579308;-0.8056442417446914;-1.7207792154697215;-0.028983561440138146;1
-1.6545218459209439;-4.555664122467148;0.7523230683699549;1.6483228072383502;1.4030728658886462;1
3.103519703926965;-1.236153211375919;1.2873550803533802;0.6086488761410359;-1.1222598867588052;0
-4.064270597766558;-0.5609542217703649;2.17668480113956;1.3758683249311483;0.19946517119869978;1
-2.7933306574626964;-1.0778881331144283;0.8445421130720263;-1.1102075490619767;0.0048696651634768775;1
-1.4749199376083217;-1.5910942013613654;0.31999144407167;-0.7988321370698093;0.15805755894657855;1
-0.22939463704342966;1.5159034180070337;-2.216283005533752;0.5555697336367821;0.2512018792435491;1
-2.5532584076118634;-0.7639004851179054;-1.609403118908971;0.059927917976552884;0.5058449974906697;1
3.7157051034623243;-1.058686219547442;0.5219535636377455;1.3970017330646747;0.3686144082567006;0
5.094841843796015;-2.019207834069259;-0.7093696951999217;-0.08279497300116291;0.38381690230880994;0
-0.6006161135559979;-0.8384546630156989;-0.6870419696896515;1.155333805041832;0.9824326001679796;1
2.7903998294330785;3.385560771794497;-0.753076321262164;-1.3331817654822282;-1.585531621971584;0
-1.4087712144001212;1.5057705921110272;-0.35389601656421665;1.121740670435225;-1.8116702905993616;1
7.2591788407918;-5.495735719334222;1.9109258819804;1.895716618963505;0.3963779292096928;0
1.2988665487840665;7.729852801484067;-0.6889146551632681;2.892727342396284;-2.01535487104651;1
1.0766932756344043;8.294775448803097;0.4341924583819551;1.9541898415003875;-1.3958720320118998;1
-1.2497605247748693;1.5956838544266623;-1.3564745799739306;0.12626739463213754;0.02342008598678186;1
-1.2569284056213332;4.11718668146625;-0.4127297691695361;1.054173599661913;-1.139526954691446;1
-1.166535214480123;-1.6656937357785901;-0.7378780057126898;1.7621670436698436;0.7383522803162926;1
4.094142557240634;2.802927249627051;-0.507433419806621;-1.9773183990565653;0.13282517679224456;0
-1.8876392413597418;1.6721917387427092;0.11979761529539604;1.218215193765824;2.568069915402564;1
-2.767435702847029;-2.161048795053006;-0.021096168454357377;1.6102757043183271;0.7163787034142722;1
2.2269944892063793;1.9416347590371295;-2.285603498502713;-0.3398606660880158;-0.5368573140899179;0
-1.1315768907448864;-1.4110019654330455;-0.5650531259969581;1.9949607175010369;0.5284875679170545;1
-0.733772452240721;-1.9436971834149086;-0.275236200233719;-0.33782313290424953;0.6609911492990577;0
-2.3336707368113654;0.790146607300948;-0.35004340705722736;0.4408595647304248;-1.4225501681456043;1
2.6972237544004907;-1.9437099457427596;-0.960564448767414;0.45950867918723926;-0.5844984218451459;0
3.379014667719903;-2.3334289450537167;-1.2019321778966303;0.5536128735217525;0.5278808106458157;0
-0.1998705801411851;1.076360003127147;-0.6731488313662244;0.628445505313768;-0.840250413681417;1
-1.1760259132364856;1.0113701776767534;-0.7117683055862798;1.0660684143135808;-1.4219009296301566;1
-1.2926365392838186;4.964224702066852;0.3459270211919423;2.2405348147944473;-3.8405298821126355;1
8.630755859095535;-3.4594519150864564;-0.17905679206638037;1.177164052456427;-0.022905289558329923;0
-4.429456371065366;-0.7860360356752928;-0.47341909297074314;-0.696616976416442;0.10380442005230997;1
-0.6198387404465195;0.6363492700996038;-0.48885124878379443;-0.015154471442234215;-0.1064066611732549;1
-3.2523157686100785;1.2859251613245222;-0.21847648896728722;0.307808291169943;-0.09942904616841984;1
-3.3529270535361744;2.673300597753081;-1.7790870790186362;1.389586005052108;-0.3544411047062976;1
-0.8598029860016101;0.09684852262944006;-2.814044725827303;0.18432392275415074;-0.6300753972054116;1
-3.156621968680673;-0.8715426235574594;-2.195714788869565;1.4498676896145257;0.4314358653128124;1
0.3465281132062314;1.541225275730295;2.8464540062734427;1.9098113949689457;-0.5718343666363135;1
-2.4614066509251185;0.6008479691975691;-1.1714651360550399;2.2110539111040364;-0.6919118929418394;1
-1.5301007215858724;0.4052177893451611;0.6044647403604771;-0.34717143838303965;-0.7860472833604132;1
-1.7735850660602817;0.8042100123912352;-2.027918042217716;-0.6873331697459756;-0.616092035116166;1
-2.680441623965829;-1.4847089005305096;-1.7416933808312733;1.023490610512104;0.29746874766986814;1
4.028435261074146;-2.9414300980075696;1.6594853957508955;0.22516729936530827;-0.5135947423680691;0
-2.136351228597864;1.5185806390730467;0.17896523266714662;-0.500776677790115;0.6830474403054261;1
5.165410948306335;-2.3822032314731048;-0.42227728215795046;0.8834276565392087;-0.20940815070565597;0
0.5359319494278676;0.3807151456550357;-0.4431347815937019;-1.8793719060644902;0.22686941486799234;0
0.34312338294215544;3.534481051981991;0.0696688020298136;-1.5506703721094637;-1.9569208630693122;1
-4.197079986345014;2.367392283037769;1.3271447300971306;-2.039503932606914;-1.7619167394713873;1
-1.142831864595607;5.599458470313858;1.3010370175641508;-2.1882496202161805;0.7655746734949921;1
-1.6654751532169054;2.389618124816056;1.502249440606861;0.8759511457626673;0.4845455696091036;1
1.0117124957291008;1.0923896495117926;-0.632698380126188;-1.7585184549045363;1.0468264452202674;1
-1.3009297119695584;-1.8214153018519539;0.37330749890270065;-1.8481689822134628;0.19962707366595153;1
-2.373428725008845;-1.6815762381479842;0.3845281400796758;-3.016728614253217;-0.03824665839984863;1
-1.6658710117972066;-0.21396274015592456;-0.148072420652007;-0.19705180783105275;0.5564802546849752;1
-1.9276781923711912;-1.1377399160457387;0.47820229760257776;-1.157500406350071;-0.20234190689776801;1
-4.23721661794079;0.18427249696951764;-0.3264184065519684;0.5883033332748416;-0.7046267915100439;1
-2.677870720841519;2.3157928230204528;-0.05384820600220658;0.34044968543143755;0.450648159121211;1
-3.836497851795321;0.49624992856254707;0.9232396856524592;-0.5518716559588905;0.08003558205657284;1
-2.551440295949616;0.22832995742905907;1.4141780116399445;-1.970789805777302;-1.4563251280075507;1
-4.694923445156923;-0.7674779440835151;1.5439648404477229;-0.7790190220538424;-0.7848969721659999;1
-2.025037164127157;1.2612419002536324;0.504926093621356;-1.13552738645123;-0.11426262605355156;1
-2.895948205519128;-1.4516357644034077;0.780545997908661;-2.9704482075866907;-0.3571499557275565;1
-3.5022010405460082;1.800832492160133;2.7664566404065627;-0.8663073437238414;-0.62536467514583;1
-2.153903667396078;-0.8300688184757603;0.5647967243336149;-3.011755930630831;0.5658252904313239;1
-2.055084067991428;1.616459268007048;1.8389594652549577;-3.1135349785593025;0.21104266320443696;1
-3.8772895793988864;1.0842547444738286;1.8599439097592687;-0.4337396982927305;-1.6874387847509245;1
-4.063862114727763;0.12216843519441788;3.2387726466521203;-3.4691829453356813;-2.241908072864709;1
-0.0986673326886811;-0.2135598383381008;0.38892946441216064;-1.012710535161797;2.9890677472910885;1
-1.0893761900686103;1.2928478983154024;1.429378884741238;-3.372136412661548;0.9473415579676346;1
-0.48177096484849935;-0.17801969115355668;1.0321075830286508;-2.0102802226599468;0.3271031739732344;1
-4.870309518086105;-2.1311061074671027;3.4141887805026125;-5.133988281615417;-0.48892078265964484;1
5.917612589138299;3.482636658922923;-3.262791684082189;-3.9175855812839857;1.716382176300123;0
8.741338077267706;-0.5738546724427198;0.8970900986201006;0.38514989560370805;0.6790432724146129;0
6.439315483954558;-3.576817443981669;2.459486558763025;1.1773140639783606;-0.07482429954608827;0
3.7933823700323264;-3.5840478639401567;2.08847638958887;-2.5060277691562733;-0.5107225261730812;0
1.2561792761490385;-1.9022967131124089;0.5627305262112285;-2.089227057835579;1.8099913369107077;0
10.3747940597694;1.6720101052929988;-1.877029330088231;-2.3560311471361217;-0.033741931570416155;0
-5.475243302540168;-0.6706367906475775;1.490443078354833;-2.299157009846995;-0.18470331889557906;1
