COMP1;COMP2;COMP3;COMP4;COMP5;COMP6;COMP7;TARGET
9.19283682621327;1.9485830707786063;-1.123166164925154;3.6337308974191354;-1.1951101242170725;1.4114244518030545;2.1593698677701973;0
2.3878017958022175;-3.7681717420675724;-0.5292926867404205;1.1182638623273655;0.6217749802052775;0.028656354525269722;0.013358093546656931;0
5.7338962797317174;-1.0751737966209145;-0.5517475931812144;0.9120826710188213;-0.17708589843163697;0.541452147256169;-0.6681664837396002;0
7.122953197708871;10.27558912181281;-3.2327895479751065;0.15254703016110926;-2.9608784018284915;3.053421824617076;1.42991069923258;0
3.935302073678113;-1.9480715678001623;1.3897667263118754;2.940639346699846;0.5467474017693112;-1.2264946427263943;-0.9362125458835727;0
2.3802471503459257;3.949928895550163;-2.9348767932958224;0.941036871510753;-1.056041931521543;-0.45103865197505444;0.4904451157185969;0
2.2388833080524018;-2.690031277298071;-1.6399129289299434;0.14933988773219797;0.0403595179786514;-0.12894843436958456;-0.30156744574508093;0
2.1432985003775435;2.340244006949542;-0.8719472621970149;-0.12704285731455275;-1.4274366729137187;-1.2570391922409263;0.974099849031555;0
3.1749242930837305;3.3918129518468434;-3.1199859103786483;-0.6012970531658958;-1.5222903919203812;0.559544727655134;-0.2151036995934625;0
6.351746789526088;7.7271740668648485;-4.341915813265779;-3.3752015799434747;1.710263142440936;-0.7239087403159205;2.5198398244746527;0
-0.8104137708452904;-2.659275497686962;-0.4888297938745859;-1.6725665641372587;0.275811569139575;0.12733183873981252;0.6250123175381543;0
2.6511004772424025;0.06656792656644736;-1.5264552984284632;0.05126156174295088;0.33195111557128976;0.7648666377047457;0.6660924496743936;0
8.185034458147955;2.700976492612976;5.730230807404694;-1.1122565548373529;1.0434704479700365;2.5945712431253787;0.9414973501780531;0
0.3421259139901562;-0.968279260857932;1.7171715837733343;-0.5950029515744069;0.4680105099125262;1.0076601120936788;-1.799081151879844;0
4.3423791946478545;4.861083312492759;-2.8161155387334125;-1.4545570349674553;1.2900628482845709;-0.3497162379130168;0.7428804951154844;0
4.075656175346037;2.9770611803676874;-3.125274148896743;-2.458070856747975;-0.4083421223931542;0.49577797892529707;0.9150568590202593;0
0.23005501571000558;-1.5647577252734441;-0.8025191537880172;-0.6505829141841301;-0.49471104987949044;-0.7621910180301386;-0.08684701919718985;0
4.418010915982988;1.4186703334195123;-2.270319030083014;-0.18627241456690657;-1.4238611922717361;-0.7524893109854598;0.44198484979109826;0
4.948703550565112;-4.114333524964815;-0.3147491107333581;-0.08820651787104357;-0.05671517579036151;-1.1376888534383165;-0.2512828619693512;0
-1.2370633569552292;-0.18821495375647587;-0.5932834977755058;1.596346097261745;-0.442154234408727;-0.04863678111069398;-1.2016874481712043;1
-1.5781612348121739;0.5728081925090116;-1.8014467053426648;1.1252757267806213;-0.3952697334074814;0.430841252714066;0.33848365971527145;1
-3.557336373550016;1.6629499036242459;0.4511874472016337;2.0737646831914924;-0.49074649913183327;-0.7700683482173286;-0.19103873699687865;1
4.733210788209761;3.3049637282937727;-1.4665366905115782;2.0411500839765115;-0.026220122148081438;3.023043860035553;-1.0071797496347663;0
4.208524209049898;-5.12836651393714;-0.7524020249978435;-0.862710269452552;-0.470967915741046;-0.5958404334797734;-0.07482841270461414;0
4.949632073983738;-1.5437522881334158;-1.7131939317219014;0.046759166384721405;-1.7392301992461736;-0.8128796202763089;0.8003053281361623;0
7.098562854912058;2.0186103371086297;-0.029009635418775916;2.587950603680537;-2.0393399178084923;1.184201478502744;0.6018535054736691;0
3.51026260397183;2.1716251156448347;-3.894546414458298;-1.2957596791007093;-0.06821804219719826;0.7873573356314514;0.2899189758726598;0
3.06405388606312;-1.876552347687518;2.5817477011413428;0.12848441550210773;-0.1166651266345714;-0.9075950598840848;-0.6458347560279879;0
4.0072641436558305;0.5372421605295618;-2.7616256345495027;-1.8983875071122553;-0.5256728952674108;0.1928487699260716;0.1611302170203308;0
1.7153097265431427;-1.5237050229684284;0.14618709369792893;1.9113864109761285;0.5361232437205026;0.03625982379077547;0.1840303776105993;0
6.059445513505046;-0.7571774508791173;-0.3492393995162633;-1.0642175341348312;-0.7461052508461153;0.2420803471118065;0.4619767550138669;0
2.902236104999776;4.005295512374862;-3.001462457644202;-0.3253163795450879;-0.8553558362463953;1.2346794017488407;1.9780884430085444;0
4.554782688815775;0.33753615390505415;-0.7543008027122884;-0.700329980722123;-1.5485453357926657;-0.19100756711943614;-0.8895841127080063;0
4.990602722476018;-1.1325889056920821;-2.5773841692215465;-1.2172617831435748;0.6699148757044694;0.2674789785717261;1.0326168593628287;0
2.9853407889708543;0.7584232425067482;-3.4937617184101435;0.05426029028960904;0.16709995161444388;1.0017865202128415;0.7707720248202227;0
2.7663691577777545;-0.35435594247278207;-1.8969629974614695;-0.5342558740827299;-0.8840204421825457;2.0110356612488416;-0.7205951332345067;0
1.2961987650208189;0.9131962762388752;-1.5757686737497685;-1.043166639629122;0.41472171567727495;0.5685950133792645;-0.14272090079137467;0
-3.7493133959384854;-1.41347311764252;1.732307792793125;-0.5654425488545993;0.08033942716600549;0.2902689209439106;-0.8050396064224731;1
-0.9980689008800901;-3.351292923173816;4.305573840158028;-0.5612096162751264;-0.4643728010084703;-1.4944563854077053;1.2802547745841093;0
0.7652641153962585;0.8862439528803261;-2.7049183127633802;-0.27477974977207503;0.8104294442657252;-1.037350856203585;-0.17772440343948476;0
-2.150953470730417;-1.923991615836223;-1.1804841584142813;-1.1131980271037374;0.44847173808418256;0.9291124825252489;0.041872554896498826;0
-0.09333138656721687;2.260752006193169;-1.9047264819066556;-1.4423071234931772;-1.7053639599794783;-2.1226384455936627;-0.49697865159680554;0
9.08799967726132;2.018673099337026;2.1412262906443;-1.0692440225424467;0.7979314288465943;4.3110937198834725;0.43416547669301087;0
0.9904537655030465;0.984930020381699;-2.310733656042392;-0.2768255074628641;-0.6405109848033973;0.24278169405482972;0.6137734900190501;0
-0.2935465509280991;-0.13709909082096472;-3.3019319207789164;-1.009785864719813;-0.022510881810632457;0.11014620004847368;0.23360423402000757;0
5.380940406937094;-0.1348769776851694;-1.6788425626741081;1.5076949095842862;0.1519982070476254;0.42390481235850846;-0.7881745339687419;0
-4.581936672186455;1.4842203177723563;0.042074611612044004;0.29622912941152246;-0.7138525125300142;0.5759267601744849;0.22320193522419085;1
1.7000068868371632;2.35227179365926;-3.0780890942518457;-0.06602095276022316;-1.0564664087496005;-0.2821096280711298;-0.16062044690759358;0
-2.1364452772841025;0.09582960948792921;-1.492411889121494;1.1210632056051346;-0.06803722858499468;-0.693491730482468;0.19733401965726236;1
-1.5674789972081589;-1.208433213793402;-0.3691591057590972;-1.4756288221072795;0.17275043757655242;0.5452839168251536;-0.6844790320531166;1
-3.542905557463749;-1.28249557847274;1.0182109359875766;-0.6081562387040468;-0.21963592240094637;0.2662478828606628;0.4540370964214764;1
-3.157814050181377;-1.688958595538926;-0.4962937182328985;0.1940121029002897;1.439917550409442;-0.256538737339115;0.4453354016033922;1
-3.45048854351591;-0.498218714150126;-0.15251795711358063;0.5754864186421964;-0.05231488099961838;0.6298908854626561;0.0608270895115699;1
3.302550951378988;-1.1309378049443082;0.8263925990465828;0.9827170121329997;-1.1952630043010388;0.7078496853622068;0.6485099598122028;0
-0.6746192855718276;-2.116409716864003;-1.396219748545836;-1.0431386803210938;0.2418168015868754;-0.6566550554732523;-0.21545318376423445;0
-2.858158440046539;0.1527231362364738;0.42893494025200213;0.4830603185673856;-1.5105366077670292;1.2788638869578592;-0.3929083280462901;1
4.648738872436686;-2.310332570251566;-0.7288088562146773;0.6399416903912456;-1.1583244871106968;-0.17859183391871217;-0.18550657315704716;0
2.176862882229085;0.9721160460019875;-1.9438883337289812;-0.7373182874545613;-0.3957838216927899;0.4623340836054372;0.5366816459463116;0
-3.721458992832201;-1.7876416504638912;1.2799328199219802;0.11556576513185936;-0.5262823235110581;0.7057399314932595;0.4878069862322246;1
-4.135962943789874;2.403792485458973;-1.2429584053324574;2.048346466683;-1.1656524013418572;-0.9010594210799487;0.4068303316346408;1
-2.3858356631344635;2.757658129726402;1.2140856312727994;1.7944891410105213;-3.3381580350958355;2.5407836917151636;0.7464375539101522;1
-2.578883251968511;3.138671922743855;1.400280185222637;-0.7638665290019591;-2.784095472150773;-0.8157356119193864;-0.39625815239977247;1
4.759112153866084;3.011680506375229;-0.16624072170065626;-0.6058278290099606;1.1417013648878085;-1.2200670878485063;0.8200239853470587;0
-2.314132249371505;3.267989679237228;2.796224245018466;0.5657264357766829;-0.3818340886503102;2.958283518481757;0.21056495655640606;1
1.6916079231689911;1.540676557104371;-1.7998452353903773;-1.390589568195022;-1.2126749858135764;-1.2432108526222048;-0.005788546736058307;0
1.8123054050069203;0.7227401911782763;-1.4662495705857013;-1.1987300424802994;-1.4280415889691682;-0.7280624721898964;-0.5314264885986769;0
-2.785924756666446;2.3106487123078083;0.47272530276493174;-1.6071602853041889;-1.612858157196671;-1.1895734718481628;0.16952712831419345;1
-3.518648339647648;-0.6583094692607128;0.5913749606899391;-0.010802686059443055;0.020589099113725633;-0.4057097475830893;-0.5269920401142224;1
4.330002649084512;9.202525685734651;1.4929628318845827;0.31994729530196975;4.72817055006222;2.2157643119860566;-2.5810600634667558;1
-3.2612794727723995;-0.9378381203565245;0.20513001264545874;1.0900715280605289;-0.46034995514491095;-0.4343290557600373;-0.8500759135994858;1
2.704596172630352;-4.437141769618722;0.3073453854274198;0.4886928495823906;0.372495041414947;-0.2918005008338112;0.28349255404596035;0
-0.30785577047692464;7.3878121771212415;3.8190859804626354;2.1335558201906406;2.71070271541979;-1.639758332262831;2.4283614650902274;1
5.503705315293619;0.9383254150997185;-2.210131648116604;-1.5237960303634839;0.9248915309277994;-0.5400615928428724;1.5638649468223473;0
-0.3617091926935935;0.11973908634706358;-2.040955791237885;1.05888397991853;0.7571093758029687;-0.9204476313794432;0.6977859267267464;0
-2.6299766385631775;-0.6973093686124094;-0.5839416361535527;0.3381815985912598;0.46754544208263576;0.034868955867676375;0.12012450433851057;1
1.4281675928953441;-1.9671014119007775;1.1119388562486558;0.75291088427227;-0.5398817284085613;-0.9955632498580268;-0.9089201042621623;0
-0.8345178814910361;1.965604864339629;0.7904325392243176;3.4376311947463782;-2.35455089918494;-0.6131015511949373;-0.776353923273237;1
6.230896511902651;0.9200695426759801;0.08982730993825719;2.539158771534704;0.06213585118067287;0.6834713831491107;1.399806062415138;0
11.668714648329653;4.748617202409897;2.0058790432135307;0.3190490252272489;-3.3913609729993976;4.880799012111583;-1.1554937649669081;0
-2.021577658435546;-0.2548998339709141;-0.6478720102946522;0.05925130559086072;-0.05484786556724707;-0.07241379892930168;0.053702704416777346;1
-1.6383849373649815;1.7159491138762544;0.4342062593594475;-1.527966230852887;-1.7693816513950031;-1.5031909625971225;0.14368774470547654;1
1.167461611072617;2.5145158500054543;-1.9057187542205636;0.6383115257183792;0.236181127363409;0.1381336805539398;-0.32667924861005865;1
10.769242819274346;-2.2579828981058987;0.03883578933188468;-0.38938554472601505;1.187288552409882;-2.1881603475539393;0.03560200948201578;0
5.034811085482781;0.7744091563670921;2.682338021663025;-1.6665041294486012;-0.31161959273404694;-1.4225484832138382;-0.04325569622995323;0
-2.1744643095462073;0.49687798482026013;-0.9490918106995584;0.20721922236898188;-0.8853460634179886;0.8830402291064391;-0.25531228108611714;1
3.288235384718606;-1.668237062050388;0.14693184564797368;0.43749301066803725;-1.3685699313512132;0.9680275798064795;-0.15380533972527366;0
0.607607945177768;0.16221452495228247;1.6373748701509663;-1.1145116403760875;-0.5407952323073314;0.5678595246523237;-1.6627841462848676;0
3.5835636260636563;-2.2066618391548736;-1.7045355935218318;-0.8012938767743154;0.3653220808690643;1.5614640689490529;-0.1985426136420387;0
-0.9341581043944104;0.9277014809302215;-0.0401636535774868;-1.353398883324266;0.06494213874353683;0.2238992598109797;0.07698028199262;1
1.2596046473494278;1.0155770702513434;-0.08059284619342569;2.0513348678345764;0.137520358467834;0.8430410195220539;-0.1738079097932788;1
-1.588263972178602;-1.6196568284204427;0.30999920850445684;-1.0919988878803868;0.05377409733164746;0.3258045855910613;0.2998140901615856;1
0.2524975675268164;-0.5313515472449266;0.5893278268567635;-0.11053834181990439;0.428681150757887;-0.1996346241484244;-1.7271129777191183;0
-2.847431586696071;-2.893647598433104;0.5279888427871591;0.598816731935254;1.4356969584135972;-0.29236715829688215;0.09586501295390322;1
-1.9649501129379239;-0.9651569880786823;-0.0812081069743317;-0.09408073768064887;-0.5500239296297401;-0.3213964074907207;-0.5682538818835758;1
2.7758655690025655;0.558000526765868;-0.6057712485730876;0.4998300095685343;0.4999056782268382;-1.0676465883262507;-1.0430722855912018;0
4.396227954702619;-2.1235077121568944;0.5795100081447101;-0.7774134007046783;-0.30383406664650564;1.7851251387876765;0.00042480329326438914;0
-2.5920828278053185;0.21363392991247662;1.0356115166431175;0.6620054452508296;-0.5407643597169531;-0.09693818737578604;-0.022544814263346993;1
-3.9043381501528818;1.1900666337939914;1.5519811851144143;-0.9357754813392399;-0.7081204027123345;-2.3540037689092728;1.1167659487336417;1
-2.818231213142346;0.36788398127761274;-1.3514356319292744;1.738414922492949;0.28432147812121933;-0.43128264849428083;0.48492343917084896;1
0.6162808698250987;0.6389116690076546;-0.19991887351576038;-1.0974987710490283;0.11868973407105467;-0.8539389876438843;-0.5065156956129486;0
-0.43286022081654885;-1.3920442987733141;-0.08271948210071445;-1.9352799098833098;-0.03446053469851352;-0.5963271388556037;0.002967492754208625;0
-4.555028840448156;3.528786017879093;-0.2152639587785148;1.0918856936364765;-2.7583489877260567;-0.9004926367735845;1.4128942192000646;1
-3.4481835412175115;-1.4246224557112586;-0.08872400425353656;-1.710727778689657;-0.1066167124146766;0.34323930358510896;-0.23800667668665315;1
-2.115960264030483;1.8493736050196141;-0.5566739791307627;-0.46435637588458495;-0.47491434347179334;-0.9919191792813596;-0.5089250330560653;1
-2.6913522049621323;1.4200617399417956;0.969150772957167;-0.0028595244641990117;-1.2565183792996053;0.9415787073802689;0.1579387247097852;1
3.213916765177371;4.0467562226493605;-2.715384456506936;1.3286253416639588;-0.22167319681585798;-2.2047947767681415;0.5194749494651969;0
-0.7492713563495663;1.7976385171322948;-0.5683658058122256;-0.5604989833232381;-0.9330960251622171;-1.6101870506022482;-0.49834995395909026;1
-3.1590060374146827;-1.0357494268216736;-1.4906841621095053;-0.5931683778982201;0.5140858511519364;0.3599158869736145;0.12324114892602141;1
13.05612185866345;0.9815132263977566;0.5988126755228692;1.4729309720870623;-0.5999130658167873;1.0217591840545583;-0.09549146834935208;0
-2.2286798134422203;0.6674106363804414;-1.0915603405196952;-1.0783017194701785;-0.2991291195864775;-1.440875569705872;0.21175572062719603;1
-2.4928310356116103;2.598686267995724;1.669725561727492;0.6334860009846773;-1.1567474934936837;-1.0964081818717697;0.20389707977224467;1
-0.1033504264139894;2.2801435368568295;2.1095627900316325;-0.35184599219680696;0.6224819782982163;-1.4599863401145754;-1.0410339228217;1
3.591294118690598;3.9263331552121024;2.047006729297737;-0.2317663345466782;5.465263817670829;0.833856949287678;0.41153633008939117;1
-1.3489486828722537;3.5562251004658694;1.7321912772437582;-0.04699074438485907;-0.3452510023962662;-1.262887414738051;0.10585563191858391;1
-2.510117675558598;3.2513195035015054;-1.6876243932740511;1.1899614108981336;-0.45558704878265;-1.7079419736443462;0.5124384167147776;1
-2.0460295724518573;0.3048848667443772;-0.5338387058877782;-0.4898417502636866;-0.06791210851248325;-1.3389297824175463;0.45991157874615624;1
-2.0970691694487242;3.667095883545269;3.6322004791971563;1.5397868534208892;2.2365298553185093;-2.295705798605671;-0.9194047750622336;1
3.110527693352178;1.5693895561962348;-2.613936125540946;0.6184677316573229;-1.1817793061676563;-0.7682309909986149;-0.20697779598237234;0
4.956725570002296;2.3848462187167137;-1.9351070932502112;-0.6108412325743319;-0.14820972802977644;-1.4938059577534148;0.4268071616478893;0
0.8510142626646767;-2.3067353675280127;0.5674619180759429;-0.04362524903034461;-2.0940465193724536;4.979535809975619;-0.9926414219086775;0
-2.9659992066225738;0.3715064822522388;-2.0665331595935656;2.07250629906321;0.16303768157719878;-0.4383858234927974;0.05698425053182543;1
3.3341331980203526;-1.3255573541236616;0.7280136640548069;1.0031987131103517;-0.9337069429835128;-0.5801239703979855;-0.25077030939839134;0
12.894612133968963;2.316622464394246;6.328697007293904;1.942203991111935;-3.1602276338227147;-0.9470534253397874;-1.2968792235309958;0
-0.7707436775320129;-0.06410921999256841;-1.134408797127168;2.510463104406893;0.0202370273613721;0.18085268356668163;-0.5034842132439395;1
-2.2025155237824054;-0.7356052301956374;0.2670800984927566;-0.037619519531095144;2.934036531304297;-0.24746776508786017;-0.19145534977677559;1
-3.1434122456027045;-1.8774090266692676;-0.6703690408220202;0.30333192286727095;0.4080694050731495;-0.227120071531174;0.3216273012655485;1
-0.6388804999703283;-0.9113660287979907;-2.142724162788013;-2.1409156579216684;-0.42913975078038924;0.148882235249733;-0.04163043773662027;0
1.919133422648504;-3.5380823683878693;1.2549245276885757;0.33599908002035406;0.5890689654575756;1.4685278835667972;-0.14472332603680618;0
1.408868363392813;1.3049294063552914;0.6414287693802234;1.8869563709798285;-0.036251997496481544;-0.5342971774906281;-1.2663727915760916;1
4.6436913165873674;-1.48201716939103;-1.1706805533522013;-1.2186055251407666;0.1780725578395425;0.678661536987953;-0.7409594187891226;0
-1.8774673636140555;1.4232306440378064;-1.0708121946781841;1.7093329684294745;-0.8845491055129474;0.6546274198801164;0.31473568283399367;1
1.4320694267974403;-1.0496039490885944;-1.2620113212390685;0.5331890568743352;-0.6266966038486566;-0.7859161717518505;-0.6215554471197426;0
1.3526270253942883;-1.1541414717290035;-1.2097932663596216;-0.8281065029160762;-0.9868073423291459;0.6869748901103496;-0.31350772372231545;0
-0.7091148317236294;-1.5682323235088849;-0.6699940901235698;1.6872639560002667;0.33931480942668896;0.24635850471974569;-0.8395510703749124;1
2.1714160183039724;-2.8262607261237527;-0.5621074925927836;-0.6608316240937263;-0.4749701326167744;-0.3844465257102729;-0.13889336062838376;0
-1.9768403553186402;-0.4193874469184844;-0.38057516909852246;-1.7394602091059463;-0.3086381631696067;-0.7122804202728881;-0.3173612273256882;0
-2.6007895040208764;-0.48233546749432327;1.8723727100951457;-0.43801831897683186;0.016082782992228137;-2.0410093791718014;-0.004721140163100568;1
-3.258007359468897;-0.41832140569539034;-0.6918056278932831;0.6598536095115362;0.12156622777593572;0.06728870805052752;-0.4390689976865497;1
3.7820264555802696;0.8603815975237679;3.6710006893603904;2.047820176533038;-2.1837900872224547;1.4742366547956067;-0.5633489331649938;0
-1.9920347221454253;1.3293551725054669;1.1352445446341097;2.0464332081255967;-0.2521277795741654;-1.7570828297804444;-1.3958721384676989;1
-5.015008689975812;0.5746999790548186;-0.8424381482480116;2.169662677543142;-0.8820022060122532;0.931935492978581;1.1334910480765474;1
1.3450204377376285;-1.274770956042246;0.5558435473492905;0.5748715237676285;-0.47084924546679324;-0.17410010929496123;0.5623465264711754;0
-2.455968810688049;0.8984552923634711;0.35313348002737366;-0.36799158805521087;-1.1042868287513872;-0.7788873286567147;0.169260354447399;1
-1.8372816695174314;-0.09102676545715443;-1.4452808651437834;0.6725485426076968;-0.13619892064837064;1.074242141603002;0.09905527259976832;1
-4.346489712228624;-0.893572266190138;0.6392560329081926;0.4256269112037664;0.9564423503516376;-0.0991984464438299;0.3470500402954106;1
-0.732812916143767;3.702182382795111;0.6585050181232294;2.2361274593234617;-0.3364674331205256;-0.3825376926293594;1.3619835958353486;1
2.3999978431541797;4.837988819756909;-1.0281570383139274;0.3429168412641781;-2.3918727434229474;5.1342277983844244;-0.7879231819687527;0
0.39309866393166054;1.0830680630279468;2.247605505783628;-0.46185859871501844;1.6916285443391326;1.5552200403670318;0.6737491991624955;1
-0.41232781279562275;-0.38963131709829985;-1.0457704065390465;1.366245690881715;0.8635071255110137;-0.3523601124836065;-0.88622880138481;1
-3.0499249404514646;-2.237784522271904;-0.4694529821328001;0.18277472930064564;1.5758460410549318;0.4088015280627029;0.48999029702732555;1
-1.4425637316071;0.3058704494682625;0.5515478510418735;0.3560740409417982;-2.7029190357455652;1.4997077010502766;-0.8312799878702879;1
0.0831861026127694;7.150359800006233;-0.06000997150031925;-1.8030818028808226;0.7381126142747703;-0.5642204644700118;1.6258067764047102;1
7.093306714189306;12.573194228678537;7.358708081714846;1.225341552867292;7.490433692443611;0.8147305400938594;-1.6810501323919618;1
-3.743404542996179;0.25050152676715515;-0.09738325219215047;1.9321470877970737;-1.0435915483616265;0.15421784327843277;-0.5852945590528483;1
-0.9691728143623528;0.9449443023490578;-0.8908112598417633;1.0965323077207396;-0.6135024327695703;0.9708910524553723;-0.4279959593988856;1
-2.4187199081229602;0.005552412982823949;-0.7983803838211425;-0.07089207074919848;-0.07730987851343257;0.865506468955161;0.10702089905513452;1
4.100787726595186;-0.37880382017235226;1.4463175319906327;0.7023685667078204;0.0006649933044893621;-1.0360963832283627;-0.3177209866657207;0
-0.75160300553543;-3.070648658484429;1.4491816782802436;-0.9534258737705756;0.8919287394900252;1.2972366144450398;-0.22158745380183476;1
-3.654646528253544;-0.6746487418500211;-0.9069859870885179;1.5111613105521293;0.2938121005874616;-0.4139518905440061;0.14207172096851564;1
-4.6802115760128435;-1.1038572475926978;-0.25730817768522224;1.2464757144387402;0.41461837648283284;0.1534161382383284;0.9062285740763165;1
-0.5977817666137725;1.7856508751060622;1.4817359679259403;-0.1778722375095091;-1.5892265503500667;0.5892961364911705;-0.03491877979450795;1
3.387330764641096;-2.911037107173837;3.007237753455436;2.828287832953829;0.5083464504918981;0.589389157245216;-0.8318227353625243;0
6.149886189966102;-2.017652754781077;-1.5661437179981852;0.9716460653781602;-0.3363699216976098;0.34372463488699356;-0.0707755604696004;0
-1.3250313470426638;1.4692940245331358;0.8484213778199149;-1.1427664666200246;-0.04782174391167437;-1.8916327568084996;0.02906719287277548;1
5.494152797674748;-4.1658293054769375;-0.6012607661380481;0.14969969842276593;0.6255664479534783;1.0430387994519306;-0.07048465672624964;0
-2.997403207131487;-2.738861051859814;-0.1611837803021975;-0.41316979890445904;0.40554613623226016;0.724092546655742;-0.4227453453056586;1
-4.386732721106606;0.006872281278995703;-0.9481082366197826;2.798005779610786;0.445730876125853;-1.6880824567157167;0.2823636912131081;1
1.2136346121479054;-2.039038957379328;0.9806961768258491;0.23896611516224892;0.08576867319319328;0.6266564059614677;-0.3519403333522286;0
5.069661081475344;-1.7851523342604982;1.1736470683779578;-0.6937328315182207;0.6486555598393896;-1.978392373709674;1.5988723504125857;0
-1.977701439633229;-1.8427794206398085;-0.27735975998648216;0.5497499042781362;-0.20689629580462374;-0.2838644661864785;-0.5541367415952956;1
-2.514876418889989;0.1142522988841511;-0.4966227715201444;2.3543471201062296;-0.6893749475418756;-0.04425895689707946;-1.0484258479368056;1
-0.9474878917479544;-1.6847535464245227;-0.3511863419930433;-0.5772107412622992;-0.3415421338850275;-0.42263863784193;0.035773474793384885;0
2.819368343466046;1.2651031321636563;-2.1531442403089742;2.7084590421811137;-0.04004445970836979;-0.566273827320592;-0.2674833965236187;0
-3.4839862980200063;1.6196919825568994;2.675469389233911;1.2536138059339366;-0.5989814171772267;-1.3438766173960346;-1.0274299004160112;1
-4.658729577966131;-0.2229148150325785;1.559358661886302;0.5110923193881023;-1.8969408351181263;1.3473176354204304;0.27256829563670815;1
-5.3516181149366275;1.026757858605363;0.32498592444975405;1.3686824278788732;-0.9186613692566113;0.221036970676362;1.1251522142545913;1
1.1708977789054387;7.014486578698108;4.271861991969345;-0.33263982627149496;2.9094447789276194;-0.3891475937779809;0.7141966166341641;1
2.956301867144238;0.7064218520962702;-1.0423354420286672;-0.5221495724139562;1.4136356074554441;-0.2689430689045732;-0.9953716539669989;0
-4.975702062159753;-3.386204867391143;0.43983840943726465;-1.577569979364864;1.0337957308929213;0.9267815828625258;0.4523863423595222;1
-4.064025658740142;-1.2461661741984276;0.5744778366294538;1.705393070030908;0.6158644594296414;-1.5091337669649187;0.33329385741121514;1
9.512669844166366;-5.603484192726074;-0.6372394031041465;0.22422119834736326;-0.40654352916774494;-0.8366143008453556;-0.7146623738334147;0
9.007165526292281;0.5810310772838635;-3.1347151984641;-0.8622695939651828;0.0457220446519957;0.7257742372316622;0.8458904988392639;0
0.7588784847610703;-1.6085325756435838;-1.5150957144877981;-1.0760600255095916;-0.0492346296095507;0.09433166387936612;-0.060811969762509854;0
-2.65935961535329;0.5399358008970795;1.7070147054728098;1.20175131458437;2.3547418477400557;-1.0044058013297024;-0.2668900852830845;1
-0.39001898105891986;-0.9892423529287865;-2.5851692408804343;-0.7845271944038075;0.7343112538276766;0.18373765113008975;0.6915823217504858;0
-3.8890655271867773;0.8160717107750088;1.0157172660485532;0.8249184590940305;-2.133572776748708;-0.7937243971541574;0.43744360813203054;1
0.36487615184076133;-3.5744612259285327;-2.223978533134076;0.223168037514858;0.7785309681381353;0.5102303521833569;-0.5627929560710769;0
-2.8358909181565224;-0.3987296940121924;-0.3474450885882133;0.8132475206656132;-0.03928068859438547;-0.6355226034540664;-0.5978512299553119;1
-3.3102836207396305;0.15574119498520436;0.5414789422238103;-0.5124839095453338;-1.7878791217949639;0.6958502976361555;-0.9106874780535787;1
-3.3573044025551826;-1.1037324235664459;0.1520898046669416;0.8281880279499017;0.7342592404217161;0.692626393694505;-0.18774931024178024;1
6.5231166202928;8.011169611598763;-0.3264236973919161;-2.7717985232772215;1.598931847134215;3.6721193464015807;0.4671996124565807;0
-1.71773517610785;-0.5431655272763866;3.2983752533289685;-0.08733074582305476;0.08417355063056098;1.0050589254734104;1.0007104269676876;1
-5.565735898981081;-0.47784757880725665;4.127462746023787;-2.3524907602589327;-1.0524610094264912;2.093502232873514;1.1673873343947412;1
1.7796614892323557;2.7765871696774136;-0.9427628490848541;-3.074352196947397;-0.695133097631329;-1.2013657403702882;0.6288403626878106;0
2.611484893160506;1.5614217091492766;-0.2181869536547453;-0.4927752647848846;1.1043873825128592;0.005818592859332345;-0.8639182944225128;0
-2.8190385096119353;-0.9701105669674907;-0.38259143855040384;0.46379060082982576;0.5517868439661086;1.2084608474885565;-0.3662600227258967;1
2.498438877723982;2.2784828520976173;1.3194785753218563;-1.1808385540706812;-1.8997302529764872;-1.7001027310460308;-0.9038390326697219;0
1.2770271752993387;-2.443258964273786;2.466316986240686;-0.12989056168665572;2.1553061239598588;1.2180658216584879;-0.018177964661148342;0
3.473197342850074;-2.2778489100427843;-1.238684065571147;-1.113140968824951;1.0092590231065506;0.32177322533417296;0.16813196119056;0
1.2566751119853177;0.3823932643718837;-3.8383203827020482;-0.7169201291304027;-0.6511561498936186;1.219262843531364;0.02196859781637079;0
-1.473431369216318;0.1168902565265725;-0.21466786443872898;-0.4908088547885179;-0.7138418009047608;-0.5411875140252129;-0.16693147090461818;1
1.649460695934064;-2.102291070639584;-0.9752715916388873;0.18804368374523006;0.9168261711712158;-0.32970020050767596;-0.727890660280167;0
9.036589480305246;-0.6551728250902201;0.22128007692197188;-0.7647306172829014;0.564896639601133;-0.3322329605618766;-2.6706004841336255;0
4.554590064788043;3.0866391558881214;-2.2704043063554775;-2.191119178070289;-3.461355241978762;-1.1797144964321573;0.013080738128259772;0
-0.7811899668984502;0.6528492587504988;-0.643656997443718;0.21446824394068242;-0.4376799042282514;-0.16048948550055825;0.18723510852163675;1
-0.2230926067840118;-0.701821490232288;-2.2707620397373662;0.9986314980201021;0.6464879185335249;0.042929062758266086;0.34118042624271816;0
-3.454895386095843;1.306938722836412;-0.029264517645479323;0.3305037547614592;-1.86191159438014;-0.32834034552038777;-0.4426281854190235;1
0.44654439641741117;-2.787707740768309;0.44438226991796104;0.4720285415207835;-0.5299896169280933;1.656590303741894;-0.16937066678317522;0
0.314438225961462;2.07756072792083;-2.0833118691853083;-1.0685397969141173;-0.21786951552805278;1.1898434420227535;0.8621809989527319;1
-2.0591919425453904;-2.472787787805829;-1.4617188178856202;1.8680819074467439;1.8385631428737408;-0.5250227041176475;-0.0989020205167844;1
4.808969244731837;-3.02910296738979;2.744018675988499;0.2833636130369572;0.19396456387629646;0.984983901236241;-1.541562130228515;0
-2.9987105282381767;-0.39677802824528213;-0.5964659390372137;-0.20804493709345706;0.5683597796633617;-0.37278625997754605;0.402963214931653;1
12.285019759541449;-7.5434101693054965;10.112423747094622;5.19427000564831;-3.8525069319243577;-0.8774991518650119;5.417219263669705;0
3.3721965906436937;2.5878254279793276;7.092074811672966;-0.3674947378344815;2.7705731049248246;-4.2177675253011735;-4.084684322239721;0
2.508766311622555;2.614648477541325;0.20638033506547704;-1.8947458458948319;-2.124765628941464;2.465074608976893;-0.7767102229061903;0
1.318068476542632;2.154479501117753;-1.7866325776203436;-0.010169665205250058;0.16715237433716187;0.5690938098479014;-0.0376143887417822;0
-0.3887562987556155;2.2767978947393988;0.6273320745144411;-0.4297269988862219;0.11938017527359826;0.8498936388186021;-0.9042419208247179;1
-2.756932991257036;1.0868346854768587;1.7072381598321464;-0.5168313730762129;0.807022699822433;1.7854864565245885;0.4969127487723567;1
4.94358101450663;-2.848324457732525;0.9138788144500718;0.33518400860946873;-0.48332591945164793;0.35537536388096064;0.48486371070860357;0
4.29807732982786;-4.666275179129385;-0.006841008371699001;-3.653384895811732;0.17870292898714882;-0.9138734208614182;0.6715823494333127;0
-2.373501801975013;-0.7334025639778918;-1.5260274881188476;1.8533295861732126;1.1831180587513679;-0.8578711923112747;0.6587212421829417;1
-0.9671903116026506;0.43843818161558334;-1.44769626747598;1.9903614236516511;-0.09396608366088706;0.29301298924562175;-0.11255668270108088;1
-2.9757987879409042;1.81097377572401;-0.22343526886632495;0.391635199235243;-1.529370783181137;0.046801777882509006;0.4466315780973057;1
1.803247020466666;0.16646095723338128;-2.628599564709472;-0.6437414800701696;-0.521882363827467;0.5697925629548771;0.3323433603403907;0
-2.4783595123722195;-1.418576446864544;-0.3165332429274205;0.3285027387821854;0.6620125983838685;-0.44674632598377734;-0.06841444590821394;1
-0.8260392924374986;-1.2502474730589637;0.2679607266075308;2.3106264615337277;-1.0148136142114161;0.9016299166219757;-0.8023235760109604;1
-3.894697328339553;0.5385707445033893;-0.8815587237804846;1.0387999956902252;-0.8090288808723463;-0.6909989049114907;0.5066875181168891;1
-0.3895780902174105;-0.6144154700225491;-1.3528692464004624;1.1751923119850918;1.7898932912438554;0.9602687033772851;-0.040080822259851524;1
-1.4573213567984844;-0.20172675700990533;-1.0988787344535431;-2.0057749681162216;1.4785622277940311;-0.08537961606711193;0.6043601097994526;1
2.7555680011537356;3.4657736038397116;-2.474050856594927;-1.0082788485493661;0.1551359976139001;-0.701408746028311;0.270252351588911;0
3.2572546734788146;-0.1252004920344254;-2.896097455639001;0.749590117419608;-0.35285555743515434;-0.804943733444392;-1.3954082833127266;0
-4.0191402405641705;-1.3542473809817694;-0.3604727144973766;-2.6357977618072588;0.7352450114789519;1.5182776944851666;0.5786050260335387;1
-3.6764132931673617;-1.2916290603284601;0.4246103067873077;-4.601709853948276;-0.7409092092097748;1.039736803530656;0.6769928572543952;1
3.3163241134467767;-3.939152259252391;-0.20545368058813643;-2.1182236435610675;0.9699807958986572;-0.8908139054209908;-0.0926899668915532;0
-4.036607361757973;1.1625461079531412;0.1897478257738159;0.9405169972260681;-0.5655989262071504;-0.8067387016768975;-0.15933758026482533;1
-2.3342333502302326;-1.3489797321876609;0.2326870191965627;-1.2129139172053087;0.05157488803784042;-1.2367192920971324;-0.1742233951694543;1
8.403847113457505;-4.153904776612476;0.04696907523433048;-0.5518427613579483;-0.288080344309794;-0.5070591304564992;0.7191130709020613;0
2.647568633083637;-3.951172951487571;1.3718813340605833;0.2078192509139222;1.4050541838727173;-0.904512952674477;-0.3237684926667033;0
-0.6817688659204048;-1.1359911306162611;1.2336664710037173;-3.8645001377605155;1.4283521311998852;-1.2914292814799981;0.07533421421596355;1
3.3502957906354207;-2.154570026662632;-1.108943720650641;-4.349007677387167;0.062384392910290555;-0.6857157282429677;-0.2165437964855734;0
-2.2277205188196927;-1.2149996868114286;-0.19241377550312136;1.471278137039903;0.01971513929546636;-0.0589376404485575;-0.6902928767277053;1
-4.477584655730473;-1.7411293624733248;-0.8882070880019699;0.7646525413823679;0.6051400089875141;1.00457102762155;0.23266834534825823;1
1.3226214188389362;4.789476583869913;-0.6625351224801569;-1.0211958057030865;2.1500245057498746;0.450448373825337;1.1174158102477023;1
-1.8500898601405187;-1.5841281496577797;1.2639172257502573;-0.8021025971984964;0.7114115946310491;1.5966136792731114;0.08109920431121208;1
3.795565641824974;-1.0262326419361387;0.8986356352926858;-0.7604604590473564;-0.7578474673033803;-0.522729852861151;-1.3884947158290126;0
-2.2813180992395057;2.0776859796729377;2.430649030167261;-1.1860598139939194;-2.859003314967544;-0.9990287358761947;-1.0897641062432695;1
-3.2287701182773776;-1.1720734786955225;0.2646643297653457;-1.0029445748563326;0.8944676190772619;0.629225033710081;-0.24996820763751762;1
1.025900787648747;2.361261944320935;-1.6168855931599306;1.145963245910634;4.144478536625521;-0.20752880845022612;0.7360684306445119;1
-2.5825558372816833;0.7292131140786908;-0.5481427872298377;-2.3320791776757743;-1.8352650060158544;0.14016622442495633;0.12196587279020532;1
-2.48588322550635;0.460596402682425;-0.5989203402625309;0.998717633564956;-0.43032386297741887;-0.3796217023333318;-0.33155241456271484;1
7.1438420390529105;-2.074842232620044;1.0883873372922546;0.716333502983804;0.8199009914005813;1.1445482754809442;-0.2895373480187489;0
-3.032481140772598;-0.6494687998577646;0.31068266733161665;0.5802825039396344;-0.7328849003128365;0.5720082643944305;-0.008425438645486422;1
7.0850106487876445;0.5282231716862007;-1.2799870432249831;0.6515632923028399;1.8538248218002333;-1.8112999002625199;0.5354688465890656;0
1.314099003598761;-1.7754258312624558;-1.672631766605747;0.6946200249405732;0.11281065370115026;-0.08752902886473467;-1.1197516395660263;0
3.7116495147797335;-2.8074771106095104;-1.7561936094901396;0.9041052352414404;-0.07098599762592064;-0.20618855597850366;-0.20422619393068378;0
0.46047909084775646;0.39416628852143193;-1.0046985455782442;1.0753882454173893;-0.4275348119614611;-0.09140705527108711;-0.5446881464554453;0
6.3926499205349385;-1.8230941633210427;0.47984972660760855;-1.696460987551647;0.5566773524925304;-0.10677238435549485;1.342227729050328;0
5.255544949778235;3.894530989824522;-0.8338534467396636;1.6816008425906634;-0.7843269718711229;-1.3870888747189434;-0.1100005572097781;0
8.733861502953992;3.2798773749529517;2.903699464422587;-0.27718816362403254;-1.06184686718823;-0.5676916847341918;0.7901837388964936;0
3.691317880228507;1.0656460674271768;-3.5155890478121212;-4.773197016902434;-0.8024841391090888;-1.1415917177422408;-0.003968321313568347;0
3.3782508726958853;-3.3712278920426137;-1.76677775498727;-2.0779569706342;-0.5977815272671392;-0.49078196722571094;-0.824832157995029;0
-0.8402096538369275;-3.500085032183261;0.18248365340487654;-1.2425727071402444;-0.10851726792743308;-0.41699978163276336;-0.24964307530930885;0
3.2843726199731624;-0.9906732009428212;2.5543863922062635;-0.1228269713973894;0.3508378844013673;1.4773840532158142;-0.06516679449549656;0
-1.908768928136378;-3.121945805474931;-1.0630561133946044;-1.062066917969526;0.9572965470397165;0.3285351379515529;0.02994850468755503;0
1.6147819253559215;-2.474573347873446;-1.991134784052822;-0.37909116218821987;-0.4432487264156087;-0.2443668248618712;-0.6673851506761824;0
6.619726346836868;-6.00327641755365;0.9893777588452597;-2.886757575832787;-1.695383904072978;-0.799672741978519;2.2876677090093174;0
-1.4646759334587818;1.6866318141555787;1.1699058703946188;0.3256622465065106;-0.4648733061656873;1.2484189975500826;0.11576586206310685;1
-2.0121524285187684;-1.1034865581448539;1.3380240797146468;-1.615679638409919;0.6917208028389691;0.5411901874648459;0.09314563019698804;1
-2.2843402520706433;0.009493639196513103;-0.4504395420557847;0.2957797401917533;-0.8038675298255288;1.7790189334975104;-0.43526604214778786;1
-0.739743085644952;3.152520605071155;1.469857847304113;-0.3148936190009046;0.9476892918041631;-0.531441124509511;-0.27977543833641955;1
-4.506562510681532;-3.169272587873536;-0.18806158843616036;0.3911600607150675;1.385206648630914;1.1387789354327997;0.14940393472839247;1
-3.15875430140742;0.41030179496855995;-1.108817204534261;1.9716188331519733;-0.058587118567580414;-0.28241465139278193;-0.07926823728003268;1
7.676149471669647;-3.075306303995452;1.481959412326733;0.5524018659793022;0.8862053426913932;-0.08252749934972255;1.6521224453459784;0
-3.6391359671594388;1.589587064029629;0.7162798064909738;0.6703852398419835;-1.5773311407373807;-0.7452729761837318;-0.30654682341950495;1
0.33734549264383384;-3.1443734576469256;-0.1157214819742634;-1.815295289739795;0.035293178315035825;-0.7162118541162855;-0.05513283683689706;0
-1.2765833791515466;0.849052983460423;3.0700681561656613;1.1664974935882573;-2.6781242074342644;-1.3605087184191327;-1.6491278747402351;1
-4.346014054230491;-0.32197805680139724;0.38847470109672183;1.1071472370347337;-1.5033327158239882;0.5377922029686875;-0.17701709406113247;1
0.017430791487401377;-3.459343291202765;0.3069208014491821;0.47556989756386253;0.4007365927116214;-0.15690746258458557;-1.8742150537992783;0
-3.4924260372868625;-2.634082400764155;-0.07218764240633388;-0.3079777702204792;0.525015691042121;0.23338979819990463;0.11357267710073762;1
-1.8665488536842103;-0.902064209682513;-0.8711686907326864;1.0288144722550228;-0.23187710001893327;0.9163083942691528;-0.5687843775014431;1
4.960268117827974;-1.3411230473901106;-1.4570533353535293;-1.4681981471462482;-0.6124601030816881;-1.0858064422120357;-0.18592080773803907;0
-2.4707226852233743;-0.13802626433783094;1.7948853032581649;1.5476271681055505;-0.6973621152310104;1.868577408291281;-0.2547797364252054;1
3.785060102923417;-1.9019074162697034;-1.7442419030926275;0.39228462004589937;-0.3392796976206275;0.12968393625207736;-1.2777067379198834;0
2.6372557772722285;0.5771549958415222;-1.9946998246135976;0.2725491493682724;1.1967680346737382;-0.48786253234595245;0.03940602884536808;0
-1.3726850236666193;0.005805461425116519;1.549289215616997;0.5844391534784982;3.00487847840399;-0.0013724529175972403;-0.8131483989567461;1
-4.138882573259069;-1.3765082402979778;0.8780486016227248;-0.05985625060535494;-0.597596634688676;0.8320963154901;0.3676673640369152;1
-0.686940291390784;1.6950096246206978;1.0262128438932403;-0.875478191608918;2.1746756083682794;-0.2967882614548507;0.8410946097784969;1
-4.312129582742903;-1.9784861330658445;-0.25130648668008776;1.5749111511036649;1.9834111468913778;0.46820741239872193;0.24523565818817214;1
0.4033094213764844;3.723434003640435;4.586469001104588;0.2159111967877945;0.8078009046325009;1.8261264093943042;-2.448851088894449;1
-3.0036057953214277;0.3541602274578682;1.2340149770109023;-0.7174567762745717;-1.312562233721665;1.9968669225940134;-0.4478906599145161;1
3.1340082054400353;4.27345955843953;5.866279514838559;0.5965830757367194;4.2010278962267185;0.8712702444257631;1.4300725509067982;1
-0.41783686688185057;-0.8085765710523081;-1.093291483853162;-0.08972977483987071;0.2570691814359348;0.24558889587756103;-0.2535035564861917;1
-1.4202231350821128;1.393978113156887;-0.8369868339964828;1.1054451331545414;-0.3644006145273746;0.08946610120279086;-0.26347489080407227;1
-2.8705883477861542;-0.2686445091440113;-0.4689872589990914;-0.24550356801655487;-0.5579192926379767;0.41445107337577175;-0.6574580040433862;1
-3.365845704071374;-0.807600615354181;-0.8070794153089266;1.6636859949463718;0.05058623694229253;-0.6566330801794624;-0.18332634697260142;1
-3.315000154836073;-1.442176229449878;-0.5836326027461908;1.7849308358024034;-0.019272507940807586;0.6299781198008071;-0.005970850528951412;1
-4.769710159700076;-0.5429618596413291;0.8938680006186149;1.7310613718308785;1.001712619807096;0.9637677081510833;0.23667664280069556;1
-2.3858827584206037;-0.8241155709057316;1.9839634866787816;0.055255451496343866;-0.5057284471302962;-0.9895633581864688;0.567486558982584;0
-2.787096009431115;-2.5330340029384866;-0.8840343987299156;-0.2596746572417249;1.6478326341444356;0.9434646322451138;0.7521727558367346;1
-3.393841771518296;0.7539639569981594;1.7717935601115167;-0.2766733103869057;-1.0859029420767223;-0.028786663784552875;-0.41360505567645334;1
6.590235943344427;-1.4848624499142618;0.36133990063368415;1.1884461738065712;-0.12091100993748839;-0.8927969840686979;1.171853225562797;0
-1.4553305178966358;0.5919428677399619;1.1463403848993752;0.07901729274548824;1.0877387884811276;1.0579796567678565;0.06425070397024378;1
7.182933102086262;0.05514606018737687;2.01291788613586;0.08277610237404329;-0.6657817622551491;0.4246033967605222;0.8016688817766688;0
-3.5788354034470418;0.8915829916265144;0.26148740499521733;-0.25409575220385505;-0.599593414238774;-1.765871169196029;-0.3092181679606892;1
-3.057032641873498;-0.17921338626513988;0.6217734459790175;0.2613983809391359;0.8967350980196163;-0.5245687730459628;0.7093633932738307;1
-3.07443583156086;-0.30605843546261796;1.2592536574618851;-2.208626675688391;-0.6064117260262889;2.358067287902167;0.013891714075945631;1
-3.8535397332557157;-1.524726422585327;-1.144509644872222;0.8150505389525329;0.49305153398291873;0.2876053072090306;1.0467614139180674;1
-5.390256393774111;0.5562555046188583;0.5600700632026119;0.47185538336191346;-0.39979829838909403;1.4766592833520078;0.9505017883841438;1
-4.657682334494781;-3.0653874336643407;-0.07600910991892558;1.5085163310956773;1.2728154231943498;0.5556950798672284;0.5525494353303753;1
-4.027542388108069;-2.5429070434441416;0.3532171293919897;1.5143875042410422;0.6674986646771189;-0.09625750457002738;0.8397683803075333;1
-3.347821941610211;-0.06856304781817467;-0.27019328888929844;-0.627636336775921;-1.1256875357644576;1.349985660475975;-0.37536423325359336;1
-3.2998420114682885;-3.1387093942090734;0.14889237080558324;0.7424907363412996;0.39445081239374097;0.6412729897697153;-0.17142596614064715;1
-2.1364041423511377;-0.004392848638495897;-0.055138957015414755;1.7881128791016418;1.3004454420758345;-0.06311757362970627;0.41476665346576186;1
-4.038017141736998;-0.24069805436710304;-1.3281267494695432;2.440232258310726;0.2773892913989294;1.693652095358457;0.414210574417923;1
-3.7654145532586325;4.398200493289129;3.9502078419989224;-0.3072682812815536;-4.789656332217355;0.9662760106380746;0.024302965560080506;1
-4.871239383480863;-2.3392147874210245;-0.16829482806236107;0.6948898423046913;0.8209388454249786;-0.8244920287580195;0.24284651362773532;1
-4.747248516354596;-1.7984019755421992;0.16972019757856868;1.551610842063347;0.5351374863973365;0.7915806822884889;0.058144756727321126;1
1.8953162763188478;-2.392238003049709;-1.6764913002997726;0.7120282345785955;0.38340190565269716;-0.39242285134296157;-0.5987176965602007;0
1.5729311406089663;6.509099306788026;2.1671589807685074;0.030075885990851644;1.0534111772791512;1.1089425859542432;0.2537631720804499;1
-4.026620252659342;-1.4022064621622239;3.18649990362718;0.0195522771925595;0.1796484550931805;0.919295480714702;-0.21099348797193926;1
-1.2948661700949942;3.4708086393126663;1.1095279782143226;0.7666793608356076;0.21051018018263623;-0.8404568427163754;0.21030460004166313;1
1.834840467147698;-4.321522964467143;0.31668532988688447;0.9971895482674401;0.2546886541671352;1.654800230778455;-0.7588755070148302;0
-1.8103805588913273;0.39620730224356043;-1.2303341229543092;1.2766563250282525;0.007076807637438311;-1.7824078783959076;-0.12917390222135855;1
7.236485314392004;-0.03570179712210687;-2.841066628067312;0.03864184049813627;-2.4547364891046435;2.500021240251908;-0.8616782598710516;0
-3.1456501885211106;-0.7425265420253642;-0.8623515070212175;0.7551636526622064;0.3001250007622876;-0.1655373508876875;0.6998574995759541;1
-2.88726805823951;-0.4647316245415409;-0.4757433379564507;0.7623019423345415;-0.8532163628816107;-0.30628862804837675;-0.40856905148629297;1
-3.1496539838209316;-1.7712483965455088;-0.03583368761949164;1.507239641888396;0.35330420725187933;-1.1630167613140423;-0.09411200883494651;1
-4.628379483050079;-1.8356183618885464;0.06423097211539656;0.09419313949051028;0.8004591711358627;-0.16962048593285248;0.8792928576891988;1
2.250510374099617;-0.3485359403968564;-1.0647508694685328;-0.2317594048453029;-1.00450071958889;-0.8745519407375268;-0.8706844304545978;0
2.1078012278782916;1.1219739434409506;1.7751582214774826;0.2626753019029519;-0.9608109188674441;0.05684989854250731;-0.8516752528473098;0
1.785949980319217;-0.2692216356728932;-1.7225153363616679;1.0326869543564354;1.1851104030036441;-0.13047870838743464;-0.5503745648061865;0
-0.5276966174016192;1.2658716232564515;-0.9204411162248921;0.4294715679300374;0.5607830950281584;1.2521714523142835;0.4216975763454531;1
-3.2135009805008683;1.10344314178678;1.6119811675673472;-0.48643346825126876;-3.459249854739416;0.8597651594301557;-0.8435035738875084;1
-4.386422966518001;-0.7611037296113772;-0.4005974213820666;0.5868569411826582;-0.376579201367102;0.5357661561995627;0.7327460704692079;1
-3.810017869830662;-0.9099185549027125;0.44316767898298426;-0.9504232047804421;-0.3516360143267918;-0.2777445568424864;-0.10289479800234803;1
3.3196739715199497;-1.5770528423794898;1.3607285012134727;-0.6941430985219141;-0.9089304101376224;-1.172217309978045;-0.3372858658999843;0
-2.3932759643301043;0.9900307776840367;-0.7575099477820154;1.554982938997452;1.4314582375644131;-0.3431904986530525;1.2091430944310142;1
4.680166262400177;-0.9685929539380923;-0.2912722565951184;-1.0742723599442114;-0.1325570348260743;0.5036914458932767;0.13320072824370172;0
-3.067695140604766;1.135837568417082;0.37462254531951766;-0.6268540126207423;-1.4436940883556022;-0.1918371967086674;-0.16990883708862636;1
7.353218575027903;-5.242623142570366;0.31695581762329494;0.43203974278769286;-0.7060339798497344;-1.2631862706365204;0.16917648879010666;0
0.29531318324779626;0.2269350361620255;-1.0894165936379583;0.9474227405246083;0.7290947882455002;0.5800103854325656;0.10841320471947884;1
-1.9389694969467237;2.544988112461355;-1.0014235318952618;0.02573985190734146;1.206099162050351;0.7321001591123316;0.8164745386476142;1
-2.0771789214309804;1.8065194888372946;-1.167079419666356;1.1422298764769057;-0.41357142123560325;0.11823722051141587;-0.09909284808457025;1
4.975162358414951;-1.3325721796152117;0.8709775695835567;-1.2921311815264778;-0.961968904085648;2.58131294981653;-1.2332042236974956;0
-2.1769168795842146;0.958911259387478;-0.23426487018087933;1.8544727414564708;-1.4817807457406786;-0.7693427599593322;-0.3897381985739506;1
-2.4315514550090125;3.4472038667834286;3.4569448433707235;0.49365995567125304;-1.0457570448539204;-1.0088397190015672;-0.37556488383623676;1
-3.3679657788781245;-0.5629288977240035;-0.1925736547360716;-0.5703792715689968;-0.35172863326969733;-0.04026306973918982;0.48849053737483694;1
-1.2065977905127065;-1.3170443381938337;-0.9307408058484243;1.704789909935003;0.7187197466852078;0.6381882865555856;0.17167814448660315;1
-3.326079248708983;0.4751715815403475;-0.898285742922535;0.8134878600538842;-0.5853794718240376;-0.8823894377737632;0.08414341004213723;1
-1.9287954022352498;1.4614697975696807;-0.10064251005290739;1.8207642870891225;-1.9359411165946643;1.3142833340682545;0.12034224549954699;1
-4.041835089954522;-1.3569174566939908;0.5383416687329169;0.8339119186417668;0.17874705299969026;0.9917099587594175;0.5653937730886558;1
6.182283741692321;5.10800544947108;0.5211405836082977;0.9407391907373274;-0.6065248742244418;2.461594581086634;-1.4682105622000883;0
10.934298158426861;-3.70325408048333;-0.8916940718882826;2.3435075785292847;-0.4887855970160131;0.19643647631231426;-0.10974094686350418;0
2.1184969319275506;0.29662906960644536;0.8674853936430055;-1.4502873917681949;-0.5395103672674709;-1.7333730638543443;-0.21699078821586076;0
-3.012194970158451;0.24375997572806704;1.9837330373389115;1.6797256973841157;1.7036738873604305;1.849805360349401;0.4983425566815475;1
-0.9826485812695368;0.7972523938811421;2.3694211555946043;0.15692263568598191;1.5464297303143972;-0.2533225825070842;-0.9265812923328288;1
0.35789386251820193;2.127838631995416;0.7082090398064473;0.18474479714346928;-0.10256996202360225;0.5631985104240677;-0.9873750506212854;1
-3.193917865505714;-1.8491520732723727;0.0993983508234543;-0.022782509498781554;0.1790022764566866;-0.4928165348616739;0.17769913843486054;1
-2.993233301244485;1.6313922059001338;2.5567179081826787;1.3458871606900573;0.04074033422908316;0.6169899730092787;0.5132238359788133;1
-3.1939141504686246;0.5793394420917467;0.4897642204671651;0.044594178632299114;-0.7236072489432299;-1.0373975033461253;1.2905865925764202;1
-4.591961853505452;-2.7611270972394952;0.980542628578037;0.3628384648222765;0.22008131421439628;0.690504271574789;0.34139585201105;1
-2.4859161544122332;-1.1889394044418717;0.3487767891257318;-1.256291860090646;-0.1293941497168268;0.5395822974190627;-0.14631466747561453;1
-2.398665346211352;-0.25074479032477326;-0.3271378044542175;-0.2773729020425077;-0.35481456922145277;0.01937295286801636;-0.292434036681855;1
-0.7796151997479063;-2.1243434274179394;0.320788887832689;0.07924892194767535;-0.08581006198469017;-0.893130541265423;-0.8866105546596046;1
-3.1399884257528035;-1.4880221619895577;-1.1988784892759752;0.45344939100381015;0.8409019592300846;0.3229172060043668;0.15569669069778075;1
2.735011771675486;-3.945168230499008;-0.017169486774377848;0.30011075805742543;0.2832671625379735;-0.57731447990995;-0.6635510062106481;0
6.227025988689341;-1.3901096910538344;2.734237190567731;-1.0931614810010133;-0.5826581687790392;0.9889296712648737;-0.7977454997611036;0
-2.2237757455792893;-0.3571607107910811;-1.1016823288724467;0.1862226987514436;-0.23927494505851066;0.3984909401257686;-0.06455941791854439;1
5.307140022001193;-6.723414983535725;1.4856648508118309;1.7765107365815713;-1.073553792882574;-0.8330771196320796;1.4932901079568432;0
7.2480010612737535;-3.655469129562139;-0.15570199941134338;1.2268287666094253;0.2975900347569066;-0.47834364978706423;0.8450065568374417;0
4.2072206189554535;1.1762428818289312;-1.5900181858292168;-0.9788433463974147;-0.11758117054087329;2.670170457974963;-0.9416177043565238;0
-2.4996363741121415;-2.01853562681569;-0.7312745967087443;1.985023277877094;1.135955566005678;0.6178190894126773;-0.4797270744612147;1
3.6350149466830795;-1.9564409103843134;-0.8287751361071676;1.3797525713636951;0.9944209307839068;0.25385494806458264;-1.179282934236138;0
3.5192482750135268;-3.8586071201502223;-1.0225290614081743;1.38414330024209;0.32066416490132404;-1.031028255592736;-0.7473750663544255;0
-2.6149483072401782;-1.102474459381054;-1.2407360027913297;0.9094764763142831;0.37848074887516003;1.6188669871845633;0.09393164797484248;1
-0.09610811657662569;-0.12984758285297993;-1.671464108297988;1.5274766916367895;0.40306746585654024;0.7766606166963481;-0.2616874836099779;1
2.044856934566941;6.426819839190373;1.2741212490942824;-0.10974148942530726;4.602716499708906;-0.06264291090160128;-0.3220027153253215;1
-3.0667495275573926;-2.182095699803813;-0.27906267060615725;-2.9385573933333147;0.4732345238380789;0.04897982305639262;0.31423105232944776;1
-1.6035864433861862;0.2925962224312995;-1.5862254319409699;0.9096983438361854;1.2358691801570496;1.0351625045150177;0.2982599173426275;1
3.765932154104962;5.985295348435211;-4.880361149350231;-1.1208727142373682;-0.564237050477479;-0.9324418500043142;0.5563822258636931;0
-0.9255666032078133;2.3024814303457;-1.596111858291259;1.676238382124126;-1.426986351181215;-0.4136025713518463;-0.3268554573135368;1
-3.2883495941010272;0.20131133641849272;-0.6277562832810145;0.6128346818555395;0.17076816943323989;1.5132351053107442;0.11088374654056594;1
-1.5548521496523107;0.9798577293757161;1.1965597972721422;-1.775176976590517;3.4991253015674424;0.31223386531860803;0.6416066343524309;1
-0.39877991758131537;2.1612126918447387;-0.9456050178112568;0.37248101745360224;1.0126507384324572;-0.5361615760560872;0.8246304660463682;1
-2.3005678213336305;-0.9320775840394675;-1.129953264310627;1.4523765710245273;1.5556402965022131;0.5146557095806022;-0.14018220423630343;1
-0.5429013641687817;-1.3170679101673395;0.9957545225488209;-1.4848753999833024;0.202977998508869;-0.6347794724687678;-1.2047172911032884;0
-2.0588194558297817;0.32043514581280214;-0.12245841169491317;1.0208598944322917;2.079167638285295;0.8376368525892647;0.5377198292422756;1
-3.4245180552308816;-2.4455184118500948;0.04504874968503794;0.7861419082902157;1.6031823015684667;1.2707486945164337;0.3372024078684123;1
-0.47240655185316016;3.702829438613119;1.953784887083175;0.9963165765491494;3.814395995554094;-0.9040768141583538;0.7054873732155692;1
4.703500731698842;-0.1959557548443838;3.757032948003596;-1.0042277004320483;0.3286508365503502;-0.25258256275353025;-2.5948470948105222;0
-3.643380238614157;0.7868599163920832;-1.1621457872905891;2.0988749274285303;-0.42406801716178927;0.15623055083948728;0.32449295516688115;1
-3.594689343589705;2.605087216699083;1.8520296363154285;0.08988542987941459;-2.44253977054056;-1.850474939537675;1.5489495446759036;1
4.1490973424488535;0.7674888443508866;-0.88797469910597;-0.00836954822565638;-0.6049797724870164;-1.0170897996552228;-0.005024120683274259;0
7.672141552626159;-0.8604841506606763;-2.1536501241011394;0.25472337461252853;-0.2364704080586403;0.48607418291907545;-0.40329770153633665;0
-2.010379413757583;0.4296895605218875;-0.10408881296274929;-0.1602920603817941;-1.509506128824506;-0.07670644745804173;-0.5416181996836684;1
-2.92083349483689;-1.7004724749888258;0.2957272490167223;-0.41417689035686023;0.3639198564815412;0.38680690505056886;-0.6432367146574759;1
-0.5007378002661378;0.10673146468453155;-1.028747957538408;-0.30488471774386416;0.1391210510286933;-0.7447845350288484;-1.0677947147586315;1
-1.911498574922986;-0.6513938798572435;1.450288490680909;0.40070305279182006;2.0630023949979437;0.20388062356082864;-0.0995892515743117;1
-3.7850992277955924;-0.3261463674962724;-1.058080197853585;0.6060077539849701;1.5261555658300545;0.07310646981827976;1.2387289616101893;1
-2.708393968213483;-0.21966574165493513;-0.3145047498263167;0.055252912872404907;-0.04825403897353472;0.16910296179102086;0.6877808553122138;1
6.289673469535032;2.036547397134267;-3.18208226642546;0.15554352969717125;0.20248906123359306;-1.2579858450405352;-0.28615262646173517;0
-3.4307706912388394;-0.9926100348372957;-0.7316945965028409;1.3437229265735435;0.2358391430049632;-0.6918040020981279;-0.05208312251475446;1
-2.0013884663892227;-0.29332646338373575;0.6192038889010842;-0.35251174571656924;1.1648198529921243;2.430114498617629;0.20578459864797724;1
-2.473293094287154;-0.3350470264930678;-1.4823620283793963;0.46523744989371635;0.04899270342815483;0.9379162955455755;0.022589291538740675;1
-3.64725774639421;-1.24136512518271;1.3866245351281379;1.6139593537320411;-0.17299139326935395;0.5970636092278719;-0.2938908886835595;1
-2.346186850942422;0.6827413168887658;1.1327338901016628;-0.30310373125349294;-0.5416756760447337;-1.4185259409751843;0.0554421358253657;1
-1.1429969265477031;-1.962171494029421;-1.240719700461967;1.47907657292991;0.4841825106766844;0.30437026169978054;-0.5355046117761937;1
-1.350857303331976;0.36957390203051776;2.4866756569726607;-1.1407176621343829;1.9058645388993412;0.930949345224997;0.7885685869422703;1
2.7633707862900647;-1.0786335090315882;-1.1796239441243423;0.41415907244082456;-0.1646115490295085;-0.4591641034372072;-0.743019740047547;0
-1.9693236050366558;-0.1758485084311615;0.4207313763354575;-0.7863120037748172;-0.8612525213010284;1.5866873766754264;-0.5751025424798022;1
-2.9311870554399935;-0.4948562291381118;-1.017070891251675;-1.6864230172696866;-0.5657302170966961;-0.46892848307748813;-0.03421474903056817;1
-2.926374386150486;0.3773322571214209;-0.8867938375703412;-0.11534487111998297;-0.9856802469755254;-0.33445608055318377;-0.018664574013815934;1
-3.9961882774103676;0.9598560897763182;0.2044041286852701;-1.5102303014220249;1.7092484390559453;-0.28569629562775933;1.2901076614901716;1
0.155138059468491;-0.43800822823193136;-0.4614456968346634;-1.4545331040782907;0.855840281722416;1.2428748208987466;0.16944174908909673;1
-0.934090810373443;-2.1059455911648834;1.4329170271005325;-2.894261664692208;-1.275415830321178;1.6266921174083309;-0.547604028247447;0
-1.9296217302551868;0.8924666900760745;0.04234474806297654;-0.5588843033652315;-1.280330238698052;0.11682942277000624;-0.4684229928877801;1
-2.6223386017039396;2.502101617970292;2.4349994992570614;-1.8780131580463566;-3.150816648851781;-0.7836538552172008;-0.1886321887562994;1
6.003616591373187;-0.09102922215333328;1.7112016700985073;0.9473749160740683;-1.1750360687414274;-0.8562049645299503;2.5045961656642204;0
-2.9218778045747453;-0.009212681102502663;-0.901303482614209;1.7913285484526535;0.5769796710282892;-0.23980999656450253;0.6760032496881294;1
-3.3419448039492656;-0.02222473046086071;0.5033012014078263;-1.1422623205719376;-1.5647613960017632;0.1677578098848228;0.07552719037536493;1
-2.01491503341189;0.7784521313204152;0.1255787939234322;-0.6597357793024834;-0.021929721787723074;0.6893207655293221;0.07556516069993327;1
1.9884621055513236;2.3160480540140913;1.2363039421289908;1.7697760725947598;0.1439958060998378;0.13359584513212755;0.36543706205298887;1
-1.6696039306005668;0.8623188526395807;-1.010306172432374;1.3238952193195468;-0.28156784894003395;-0.23939662238432213;-0.7280751839242021;1
-0.37117811351854135;0.11361265869439971;-0.9983635752221828;-0.1553698841783851;1.4759557167633695;0.47596214216954347;-0.08897631105786978;1
-1.8489599298371813;2.5412296491762567;2.0053476116292495;0.4843720154870738;-3.5086454464032957;0.534534538393426;0.6996349212781777;1
-4.703042202111232;-0.43230243073641644;0.005305087690086685;-1.370608634933119;-0.08509958388861366;-0.33007390732260783;0.9947377416263704;1
-1.283187150786223;2.550909310253014;-0.08386034510533004;0.7715122498119936;0.556910556961919;0.27000153394459026;0.5114146803192781;1
-2.3142468193050174;0.4020314772956693;0.2746231955442548;-1.6704631787770508;-0.5367110897128983;0.5083748134177634;-0.1388940092549831;1
-4.659085176410957;-0.7822987564616696;0.19212192120585495;0.4936819119262304;0.5361221191864087;0.2260418109333665;0.22645146021743745;1
-3.9434733817348295;-2.0300162870602874;0.691735721313866;0.5134062463784025;0.34011455478070224;-0.06509738064485393;0.05022620870923014;1
4.949858461550106;3.006064129202202;-1.7540716861367176;-0.6723605161746969;2.864773780710472;-0.3070810032365857;-0.6498335948559596;0
-0.9158035193313239;2.4790131286784125;0.3626066865372204;0.26196651845147184;0.13847177574513633;-0.9912359416190103;-0.05120349066800171;1
4.549111146627955;-0.8160005055481403;-0.5187550863109877;0.9163397745221594;-0.07148601869348988;-0.9308826516327912;-2.2564483709583483;0
4.442342818131016;-0.9924388978973596;1.4423190862201654;-0.5750345977292004;-0.35758999930324803;-0.029967413074016336;-0.32327742148329075;0
-2.1949843010205896;-1.805353237746217;-0.43510940569172174;0.9539430633231987;0.5538004201779981;-0.16861156391896068;-0.23544585751314825;1
0.6644409146912512;0.4368608556548222;-2.680781878231024;-0.7292266179991461;-0.02778737436911395;-1.082050666784854;-0.0010508143892371245;0
-2.2408760536431345;-0.45458951144901694;-0.4655275880689171;0.18872465999528248;-0.8282932096222891;0.9533192397193442;0.6734784504712389;1
-2.125180436920123;-1.1947969118047688;0.49037198738325444;0.8553963494811545;-0.10593586367309127;0.19534269690342967;-0.0034522341220597228;1
-2.615317411222226;-1.8320604325909982;0.7643295557640394;-0.8231658593590401;-0.300787245382283;0.08993781013526514;0.14634302836425195;1
-3.2109679756621476;-2.2351427041662784;-0.16622442953719854;1.130057799742304;1.2601888047427383;-0.1035913706395516;-0.23537316817112836;1
-0.3067503987078568;2.18499883336667;0.0392862421556379;-0.48645562874348874;2.0894499690450474;-1.1041435286125973;-0.13486221556072853;1
2.472356916773655;-1.4998247516737362;0.5914532151178287;-2.2673515003417197;1.4058401802841642;-0.9648581313984247;-0.814302710537343;0
-3.4547183721128687;-2.1364615481714244;0.1971626717042827;1.5341768880571163;0.9428752994717481;-0.9371161033586017;0.6832630797387057;1
-3.900526848058527;0.7307759702638026;2.136071104512781;-0.7811728871706404;-0.8325514964961636;0.8978211767431287;-0.8910793181587133;1
0.9817275418953949;-2.2104299471104403;-1.699919229853041;0.9709720149603785;1.1832582998273324;0.14365294745476612;-0.4571111324969188;0
-1.257251571022983;1.067691514943477;0.25947526998955067;-1.2417521408105754;-0.393215787987406;-0.699770607901179;-0.4981815129723735;1
3.245413648903253;-1.77835863227756;-1.7931536723727255;-2.485059460829668;0.5503521125909787;-0.5986124380678958;-0.4696013243833796;0
-1.5572194125370153;-1.0379271063964228;-1.301245079012438;0.6216725921157807;-0.3793533938242195;1.535698449292812;-0.29079885421612967;1
-1.2492580966982776;-1.588838789346816;-0.326413440479435;-0.9253221277016173;1.535349871780484;0.01206523343681409;-0.10117657897266633;1
4.331653344535911;-4.049332418331283;-0.19250552543561825;-0.29061345709173675;0.6108408047500938;-1.4235883076978348;-0.670140876351269;0
-1.0774513298933357;1.8036181631512886;1.7810416304900127;-1.628952250218608;3.741753919851316;0.3424346525308525;0.9299644691840581;1
2.5117531022607675;-2.528807583395523;0.7982023062429737;-0.823674585645766;-0.42926394591802036;-1.8315347789492475;-2.4042988932567697;0
-2.217092305447844;0.029891288094557086;0.6364601353332392;-3.376701147519293;0.479994728047455;-0.48464635112561955;0.04299831181312832;1
-1.1738306467787558;-0.4748395050245765;-0.48157091181134476;2.1439593885003636;-0.2433005298270976;-0.4828604561646794;-0.5075109153157522;1
-2.8363014443334342;-1.018125806323987;-1.486630003219995;0.45640567167800633;0.11470499442974198;0.9738357660018166;-0.15046125090908388;1
-1.8570858988747967;-1.5713931191145083;0.8264827444788971;-3.930249474943823;-0.22082665933948106;-1.1998402301859568;0.33678772704265664;1
-1.328614372958086;0.7770956605632383;1.2567582294140263;-3.785543612333732;-1.245063009116077;-0.2256243833353257;-0.749763560921695;1
-2.8027713567761747;-1.6663016342542094;-0.19401832708269323;-2.2331074208252137;-0.20524668155587042;-0.5721718048082306;-0.36156677249852803;1
-3.17456879676373;-2.075733619391645;0.07490026826367183;-1.8698290287647175;-0.2093267999318643;-0.48256592490129147;-0.17958507918715905;1
-4.087077360931371;-0.4847100793606932;0.6313640086937964;-3.402732843209289;-0.018224707777056256;-0.30982129428896116;0.2306263905892754;1
3.4754937481308668;-1.6728843912266627;0.8568267992048053;-1.1567678797737793;-1.382571432919126;-0.9999209134881325;1.1156336229462918;0
16.319233231031998;-7.775852804248063;6.235415554855183;2.3280731724913517;-1.7094559531045792;-1.1248214678265713;4.962496327452384;0
-2.5601150180169054;-2.4940454475524705;0.17031258676224265;-2.1097565859860774;0.9792388447988998;0.4887551429471954;-0.046270623917631405;1
-2.9688887959170724;-0.06884713568909893;-0.7784115655269569;-0.046666813630667686;0.22820687173022214;0.3448923943958194;-0.0766015188605061;1
-2.7574304510201153;-1.7939187681258857;-0.7578141189390939;0.024118279562043654;1.2839123833477462;-0.6588327049158769;-0.3132338153368481;1
1.3703398754406415;2.1100113491217036;-0.8537202468911365;-0.7237684363926999;3.82437921081271;0.2234203433828059;1.4713795266111653;1
-0.4176644925528783;0.11651969702822843;-0.5361425958913008;-0.3641990626612362;1.5134570871729212;-0.5557006845590139;-0.21728684595773637;1
-3.838398622981232;0.8991786485508193;0.7005639498689381;-0.21993976730455297;-1.3371628915530884;0.07674450603616279;0.6410428046155409;1
5.930964859583871;1.2282966822613595;1.7215877555795638;-0.473582262011326;2.883539337995839;-1.1002377058954491;2.024320135289108;0
0.6454786474866461;3.426011420952228;0.6082849579981686;0.23448622479905618;-1.2096985538169556;-2.4278513826265775;-0.9417139935236152;1
-2.6838464009792657;1.4435555289647561;0.3394035000855615;-0.24481701141284154;-0.7926918613561645;0.9256296944801997;0.4960040184727207;1
-2.041664052105511;-0.9032559294447858;2.8432414099458296;-2.885831426265104;-1.0167094549769016;0.10446045718084625;0.3195856077072511;1
-1.3992963501120075;-1.7722262453778075;-1.4795615607638288;1.3081089948054274;1.8053147465139914;0.6154644577507132;0.28022008409422083;1
-3.5364152954177634;-1.2468541534618027;3.3854111271305367;-4.666050967904401;-1.8757278225964304;0.8903976312335012;0.9255097792568233;1
-1.990529446590863;1.899462550689393;-2.030998079019098;0.9119054687431924;1.2315544732094699;-0.4196278030277681;1.287892602127979;1
-1.998185367129183;-0.20637113652569802;-1.641325073356017;1.039210495254082;0.9042109602026751;0.3676287600018254;-0.34478063720280067;1
-0.5206581123170596;-0.9733678106769822;-0.3241353802147404;-0.5439993686755001;1.429436707201129;-0.049199003709500706;0.22270262792672696;1
-3.1723704882482395;-2.0890522980358543;-0.9788057325551304;0.3870971040311976;1.4194755710666684;1.338365393838616;0.5370579908922541;1
-2.202710189056729;1.2860393186695738;-0.8873992153533201;0.7011030483900971;0.17982114831593574;-0.024052100954322843;0.2729363419111278;1
3.8244330429411666;2.305236316377147;0.027546193439252943;0.6702588828133808;1.2897652202744532;0.8090946864159656;-1.5682757162901222;0
-2.985484690326375;-0.6733392442277567;-0.5904898836921557;-0.5943502866109694;0.46196929628758354;-0.5454030937320173;0.617399544203663;1
-2.4810551072777005;-2.3639587605259926;-0.43261456686139027;-0.3834696738429664;1.0381214017246312;-0.020466916794955835;0.5600933916357871;1
-1.272111461278251;0.5098338482934446;-2.2389916783955517;1.6723763775666571;-0.11760644181495317;-0.015478846748501245;0.034229904552973686;1
-2.235156888078077;-1.2987044937051557;-0.9014368964630952;0.4340941149757519;0.18292602964136065;-0.16343264367034424;-0.2365221231508442;1
-0.056183104311735156;-0.2273833929559952;-2.25551565355498;2.7106004261155676;0.8017853835836507;-0.9605697692780222;-1.038406259040787;1
2.317390606280652;4.3891343349221215;1.7784111295615537;0.9694155881694112;2.645376588527195;1.5571171023131969;-0.007413415918086172;1
-2.2843312608518858;-2.4668407564132795;-0.8211884864674677;-0.040803196198778466;1.0927813026949218;-0.10101401987775618;-0.24822160559639078;1
4.754614870668757;-1.48942356037846;-1.253751104708337;-0.05258699674099064;-0.09662477551147641;-0.3553730134905845;-0.6255166542330294;0
-1.7263109176880027;0.9981778354005334;-0.08023841604984618;1.0646470599764093;-1.4356170248795392;-0.8660553278871119;-0.3429320656477911;1
-0.7417817670631556;-2.45203496610828;-1.9977099418842732;-0.45793976437865097;0.2612910889385865;3.2035584976036366;0.16833284716284738;0
-2.8943106610119633;-0.9779443192076611;-0.805644241037128;-1.7207792579021255;-0.028983549109453898;0.21190399664248002;0.6725137135198788;1
-1.6545218459207882;-4.55566412244523;0.7523230680234021;1.6483228181278404;1.4030728702026547;-0.5534032465348375;0.12242926656670221;1
3.103519703927852;-1.2361532113365912;1.2873550796581827;0.6086489057707289;-1.1222598881364523;0.9300496236409042;-0.1973795943117272;0
-4.064270597765448;-0.5609542217248057;2.176684800661659;1.3758683589728564;0.19946516605447803;0.564736841207556;0.26888232564073766;1
-2.793330657462965;-1.0778881331158556;0.8445421128614523;-1.1102075540048806;0.004869669186309494;0.5656032856867732;0.4689916516656028;1
-1.4749199376087572;-1.5910942013855012;0.31999144425786774;-0.798832150923283;0.15805756198617898;-0.43806615249036096;-1.0438262778475496;1
-0.22939463704328678;1.5159034180090343;-2.216283005665622;0.5555697413936181;0.25120188359533685;-0.6025604899803588;0.4100432140056929;1
-2.553258407613497;-0.7639004851777268;-1.6094031180159032;0.05992786830477305;0.5058450058054509;0.21379696121766908;0.09832558170207027;1
3.7157051034634088;-1.0586862195140534;0.5219535630210191;1.397001764432772;0.3686144020674767;-1.1046105008956235;0.6344600026623585;0
5.0948418437966625;-2.01920783405077;-0.7093696957160717;-0.08279495368838308;0.38381690032135296;-1.4479359134646572;-0.5734944798868196;0
-0.6006161135559805;-0.8384546630132859;-0.6870419696538258;1.1553338097876917;0.9824326045999311;-0.8532305262770322;0.7055308873756564;1
2.7903998294337855;3.3855607718235583;-0.7530763224958082;-1.3331817382369204;-1.5855316171887066;-0.5084176413480824;0.20716268823832576;0
-1.4087712143990525;1.5057705921465359;-0.3538960174328296;1.1217407039016472;-1.8116702921081127;-0.24214538295588525;-1.046158522865477;1
7.259178840793044;-5.495735719287871;1.9109258819794372;1.895716656468273;0.3963779211378548;0.06639142336844178;1.1539848648983217;0
1.298866548786059;7.729852801544612;-0.6889146563006645;2.8927274038704325;-2.015354876295856;-2.202856102982001;1.0259971745694314;1
1.0766932756334653;8.294775448775127;0.43419245843674453;1.9541898161094495;-1.3958720225710002;-3.511878193549112;0.604792382050514;1
-1.249760524772049;1.5956838545110166;-1.3564745816389743;0.12626747824587572;0.0234200749916799;-0.4851495807085896;-0.13607018688739125;1
-1.2569284056190184;4.117186681519057;-0.4127297706066854;1.0541736695540525;-1.1395269602230966;-1.9490429127323912;0.48862298994224285;1
-1.1665352144776218;-1.665693735712612;-0.7378780075700779;1.7621671166061905;0.7383522713562808;-0.8347113634999369;-1.4101275750836457;1
4.094142557240372;2.8029272496079365;-0.5074334200447584;-1.9773184078283714;0.13282518062530307;-1.6035214836136116;-1.0542960494736484;0
-1.8876392413595027;1.6721917387288336;0.11979761539481402;1.2182151966096872;2.568069912701769;0.25389178988506994;0.547736649311942;1
-2.7674357028460435;-2.1610487950224178;-0.021096169201028882;1.6102757342970075;0.716378700617995;0.033008961193244854;-0.8760672647958492;1
2.2269944892059605;1.9416347590165692;-2.285603498059417;-0.3398606819284189;-0.5368573156700089;-0.13682050439173418;0.39326334915677863;0
-1.1315768907450148;-1.4110019654201058;-0.5650531256557206;1.9949607161439233;0.52848756746515;0.07255810834748427;-0.17596902698739358;1
-0.7337724522411069;-1.9436971834232462;-0.27523619994189535;-0.337823146455034;0.660991148195975;-0.7743052229101447;-0.1455966729588339;0
-2.333670736811386;0.7901466072892559;-0.35004340710994225;0.4408595584394461;-1.4225501718393911;0.046649057546090056;-1.0014034552842863;1
2.69722375439957;-1.9437099457678506;-0.9605644482176591;0.4595086523698199;-0.5844984180363691;-0.49172550871006093;-0.5172086090102775;0
3.379014667722394;-2.3334289449619288;-1.2019321794400515;0.5536129522146835;0.5278808022106934;-1.0185728262732474;-0.02613146449366949;0
-0.19987058014153536;1.076360003127055;-0.6731488311899751;0.6284454996421637;-0.8402504078527228;-1.2875018007427455;0.748713068422539;1
-1.176025913235329;1.0113701777302317;-0.7117683065044711;1.0660684567937715;-1.4219009273235597;-0.2654395854290281;0.19444543344816886;1
-1.29263653928157;4.964224702132634;0.34592702006924936;2.2405348834051906;-3.840529889481228;-0.5486177127702123;-0.814788983880822;1
8.63075585909605;-3.4594519150760776;-0.17905679264440652;1.1771640700013288;-0.022905287059545643;-0.006691028033915943;0.9620201295901357;0
-4.429456371065784;-0.786036035701808;-0.473419092821145;-0.6966169884521307;0.10380442443058804;0.09718106670790438;0.7225180039289679;1
-0.6198387404461242;0.6363492701040996;-0.48885124950265135;-0.015154457556359404;-0.10640665720497192;-0.6007163651402851;0.13930927835721327;1
-3.2523157686120414;1.2859251612593707;-0.21847648787760693;0.30780823255416206;-0.09942903763666776;-1.4031994931206624;0.9536158271792388;1
-3.3529270535365994;2.6733005977197837;-1.7790870790675313;1.3895859891178908;-0.3544411029677129;-1.2112738742812041;0.8167571416483572;1
-0.8598029860026036;0.0968485226013037;-2.8140447257800254;0.18432389798722193;-0.6300753849728901;-0.36503918651045014;-0.04625674343925178;1
-3.156621968682842;-0.8715426236404182;-2.1957147876623444;1.449867623002535;0.4314358754457835;0.3260571134045359;-0.09453354557089834;1
0.34652811320840665;1.5412252758019378;2.846454005159921;1.9098114714040964;-0.5718343645736145;-1.6874945063371882;-1.7124115855904318;1
-2.4614066509245003;0.6008479692253261;-1.1714651365776148;2.211053932193848;-0.6919118933802705;-0.8526901430616934;-0.028873966144883023;1
-1.5301007215874491;0.4052177892924544;0.6044647414844122;-0.34717148469444703;-0.7860472762929842;-1.1021305908391812;0.08702829372580055;1
-1.7735850660605703;0.8042100123847634;-2.027918042469092;-0.6873331774435528;-0.6160920316421151;-0.28932786875902333;0.47345286934071446;1
-2.680441623965865;-1.4847089005284784;-1.7416933808912192;1.0234906130765555;0.2974687520493315;-0.1980777643973772;0.4341312620839885;1
4.0284352610742244;-2.9414300980113075;1.6594853954200774;0.22516730275648414;-0.513594739617392;1.9362225480912778;-0.7282261749645254;0
-2.1363512285988757;1.518580639019498;0.17896523310853182;-0.5007767122095942;0.6830474441393425;-1.5516758291544561;-0.7183276585745373;1
5.165410948305198;-2.382203231518129;-0.4222772813046214;0.8834276167280709;-0.20940815107843722;0.579229983056099;-0.5434880084534308;0
0.535931949427482;0.380715145636318;-0.44313478145024493;-1.8793719186877011;0.22686941665113927;-0.523838967350274;-1.1505709678411016;0
0.3431233829428852;3.5344810519931764;0.06966880121661777;-1.5506703478482637;-1.9569208590039533;-2.3395179122804928;-0.4835065912171061;1
-4.197079986345914;2.3673922830225282;1.327144730786174;-2.0395039581265837;-1.76191673689848;0.04242900726182136;2.1687554096842607;1
-1.1428318645966105;5.599458470260662;1.3010370177249877;-2.188249659127564;0.7655746716815712;-1.1592267478181444;0.19153519017868503;1
-1.6654751532170835;2.3896181248027215;1.5022494407304618;0.8759511409652891;0.4845455728032748;-1.1895181860481872;-0.6777554020434668;1
1.0117124957300938;1.0923896495493242;-0.6326983810409956;-1.7585184225129946;1.0468264439985597;0.4258947088701478;0.3982859726145921;1
-1.300929711968366;-1.8214153018192956;0.3733074981288266;-1.8481689466301143;0.1996270704854269;0.7657543373053431;-0.46671520336502215;1
-2.373428725009619;-1.6815762381895438;0.3845281407178201;-3.016728639948141;-0.03824665554841484;0.06881354646928042;-0.4152225187374877;1
-1.6658710117954179;-0.21396274009249752;-0.14807242209830937;-0.19705174829186464;0.5564802542524685;-0.9315821530159165;0.5243195200898416;1
-1.927678192370982;-1.1377399160440196;0.4782022974938428;-1.157500401359145;-0.2023419085051316;0.11489826961129926;-0.11625493665615717;1
-4.237216617940867;0.18427249696750972;-0.3264184065503354;0.5883033317855124;-0.7046267903380987;-0.14609126279242957;0.2598571346883526;1
-2.6778707208422885;2.315792822976008;-0.05384820591978328;0.3404496533358145;0.4506481566306485;-0.6783477095897277;0.06410094064588143;1
-3.8364978517958375;0.4962499285509438;0.9232396859792159;-0.5518716714542045;0.08003558329283032;-0.1126688212877039;0.47448661048995816;1
-2.55144029595019;0.2283299574366742;1.4141780117945089;-1.9707898183222943;-1.4563251243801902;0.8555217746435432;1.0219210096335523;1
-4.694923445156693;-0.7674779440649337;1.5439648405352389;-0.779019018576019;-0.7848969794154561;0.8513735571344732;0.7526680967058769;1
-2.0250371641270783;1.2612419002369102;0.5049260938423057;-1.135527391227699;-0.11426263232775373;1.7847769636270587;0.390495324490299;1
-2.895948205518767;-1.4516357644008584;0.7805459976049595;-2.9704481982243234;-0.35714995685805984;-0.5832026074026386;-0.6184118265391725;1
-3.502201040543787;1.8008324922228478;2.766456639692324;-0.8663072825209766;-0.6253646906178563;0.4122696037577581;-0.3076660233397674;1
-2.1539036673959546;-0.8300688184730427;0.5647967241587244;-3.0117559275365706;0.5658252895799357;-0.5504027048454846;-0.4844054412012738;1
-2.055084067991254;1.6164592679963914;1.8389594650896293;-3.1135349753155874;0.21104266363660504;-1.6418062316221793;-1.0888529250986698;1
-3.8772895793978015;1.0842547444977875;1.8599439096396573;-0.43373967006559355;-1.6874387933642607;-0.8148926835952685;-0.4710738985643934;1
-4.063862114728078;0.12216843521676583;3.2387726471757925;-3.4691829509849352;-2.2419080731676853;0.17490914832452437;1.0772541424198294;1
-0.09866733268842603;-0.2135598383306834;0.38892946415947466;-1.0127105250774884;2.9890677499919835;0.012452208093484959;-0.29025697120603994;1
-1.0893761900701369;1.2928478982612037;1.4293788856272975;-3.37213645712379;0.9473415671793782;-1.7258698723296004;-0.35397481912986356;1
-0.48177096484745596;-0.17801969111679242;1.032107582308015;-2.010280187379828;0.32710317445725107;-0.9920622853725433;-0.04854568307913224;1
-4.870309518087024;-2.1311061074865685;3.4141887812790475;-5.133988306252541;-0.4889207768733099;-1.1107923351723836;0.4883712147859699;1
5.9176125891426805;3.482636659061128;-3.262791685889055;-3.917585444993284;1.7163821624291982;1.0135989310390647;0.27144238695819384;0
8.741338077267807;-0.5738546724065813;0.8970900979949558;0.3851499084660292;0.679043278735359;-0.30075277356569363;0.09482438363989959;0
6.4393154839540525;-3.576817444014347;2.459486559392159;1.177314050605763;-0.07482429488197445;-2.37519293408458;-0.5961296776392159;0
3.793382370032736;-3.584047863942088;2.0884763895875933;-2.5060277552601335;-0.5107225246989012;-0.24671010941047924;-0.7163263395813141;0
1.2561792761502544;-1.9022967130754465;0.5627305255654651;-2.089227022209129;1.8099913310371185;-0.534447188836441;-0.19275822828687827;0
10.374794059769844;1.67201010533668;-1.8770293302249188;-2.3560311281936777;-0.03374193156469914;0.5679364748431835;0.22308167182646182;0
-5.4752433025443485;-0.670636790757354;1.4904430808346572;-2.2991571385252985;-0.1847033089772967;1.6178373631443799;1.6989515570198268;1
